flow_duration,Header_Length,Protocol Type,Duration,Rate,Srate,Drate,fin_flag_number,syn_flag_number,rst_flag_number,psh_flag_number,ack_flag_number,ack_count,syn_count,fin_count,urg_count,rst_count,HTTP,HTTPS,DNS,SSH,TCP,UDP,DHCP,ARP,ICMP,IPv,LLC,Tot sum,Min,Max,AVG,Std,Tot size,IAT,Number,Magnitue,Radius,Covariance,Variance,Weight,label,family
0.057744052,18274.0,17.0,64.0,7942.4717,7942.4717,0.0,0,0,0,0,0,0.0,0.0,0.0,0.0,0.0,0,0,0,0,0,1,0,0,0,1,1,525.0,50.0,50.0,50.0,0.0,50.0,83123880.0,9.5,10.0,0.0,0.0,0.0,141.55,DDoS-UDP_Flood,DDoS
0.001037841,60.02,6.11,63.84,29.01055,29.01055,0.0,0,1,0,0,0,0.0,0.99,0.0,0.0,0.0,0,0,0,0,1,0,0,0,0,1,1,591.9,54.0,78.9,55.391964,5.715341,58.98,83487490.0,9.5,10.513355,8.120405,660.06067,0.05,141.55,DDoS-SYN_Flood,DDoS
13.079702,1300128.0,6.0,231.0,91.859886,91.859886,0.0,0,0,0,0,1,0.0,2.0,0.0,54.0,1200.5,0,1,0,0,1,0,0,0,0,1,1,363.0,66.0,66.0,66.0,0.0,66.0,0.000161099,5.5,11.489125,0.0,0.0,0.0,38.5,BenignTraffic,Benign
48.598328,722255.6,10.4,131.8,38.168663,38.168663,0.0,0,0,0,0,1,0.0,0.6,0.0,168.7,910.5,0,1,0,0,1,0,0,0,0,1,1,1838.2,53.6,219.2,118.944786,53.195023,115.6,166518940.0,13.5,15.443961,75.12808,2827.8633,1.0,244.6,BenignTraffic,Benign
28.071888,1597795.0,6.0,97.2,56.429676,56.429676,0.0,0,0,0,0,1,0.0,0.0,0.0,87.2,1584.5,0,1,0,0,1,0,0,0,0,1,1,6714.6,210.8,2238.0,1149.0149,795.0012,1200.2,0.006788492,5.5,47.416187,1124.3015,729712.0,0.9,38.5,BenignTraffic,Benign
8.585153,115.06,6.11,65.91,0.23763993,0.23763993,0.0,0,1,0,0,0,0.0,1.96,0.0,0.01,0.01,0,0,0,0,1,0,0,0,0,1,1,571.21,54.0,57.45,54.234093,0.8055344,54.88,82977250.0,9.5,10.414575,1.1443695,13.103723,0.05,141.55,DoS-SYN_Flood,DoS
41.47907,1609227.8,6.0,197.1,71.437584,71.437584,0.0,0,0,0,0,1,0.0,1.6,0.0,280.2,1912.3,0,1,0,0,1,0,0,0,0,1,1,426.0,66.0,129.0,75.86072,22.505457,75.0,0.0041466,5.5,12.302543,31.827524,734.6524,0.7,38.5,BenignTraffic,Benign
0.0,53.46,5.94,63.36,8.219258,8.219258,0.0,0,0,0,0,0,0.0,0.0,0.0,0.0,0.0,0,0,0,0,1,0,0,0,0,1,1,567.84,54.0,54.84,54.068863,0.22679354,54.06,83067576.0,9.5,10.39893,0.32118863,0.37631765,0.14,141.55,DDoS-TCP_Flood,DDoS
3.971884,32664.6,6.0,182.3,14.72696,14.72696,0.0,0,0,0,0,1,0.0,4.0,0.0,17.1,56.5,0,1,0,0,1,0,0,0,0,1,1,10267.6,54.0,1486.0,672.29016,702.64996,451.0,166521840.0,13.5,36.53715,995.00336,495103.47,1.0,244.6,BenignTraffic,Benign
37.269196,71310.2,7.1,79.9,15.413474,15.413474,0.0,0,0,0,0,1,0.1,1.0,0.0,264.2,536.3,0,1,0,0,1,0,0,0,0,1,1,2576.3,50.0,911.3,165.91426,205.4099,209.6,166519200.0,13.5,18.206266,291.06992,44816.582,1.0,244.6,BenignTraffic,Benign
0.33815315,333087.4,4.8,50.7,378.87244,378.87244,0.0,0,0,0,0,1,0.0,0.0,0.0,1.8,162.5,1,0,0,0,1,0,0,0,0,1,1,18494.8,60.6,4410.0,1234.5027,1492.3524,64.8,166523940.0,13.5,49.590256,2113.5627,2236134.5,1.0,244.6,BenignTraffic,Benign
35.475132,1827825.9,7.1,62.7,71.82425,71.82425,0.0,0,0,0,0,1,0.0,1.8,0.0,88.2,1831.5,0,1,0,0,1,0,0,0,0,1,1,7941.0,50.0,1384.0,475.66553,558.8242,1367.6,166520340.0,13.5,29.839567,789.5548,348556.44,1.0,244.6,BenignTraffic,Benign
0.0,160.38,16.83,63.36,14.65524,14.65524,0.0,0,0,0,0,0,0.0,0.0,0.0,0.0,0.0,0,0,0,0,0,1,0,0,0,1,1,1692.84,153.84,162.0,161.49557,1.9595336,160.98,83011224.0,9.5,17.97154,2.7789192,48.45183,0.08,141.55,DoS-UDP_Flood,DoS
18.537693,467400.1,6.5,179.3,47.12165,47.12165,0.0,0,0,0,0,1,0.0,1.4,0.0,16.1,433.8,0,1,0,0,1,0,0,0,0,1,1,996.2,106.9,583.0,237.8906,177.26614,132.3,0.011585712,5.5,21.183811,250.69218,35792.99,0.9,38.5,BenignTraffic,Benign
0.0,54.0,6.0,64.0,35.537163,35.537163,0.0,0,1,0,0,0,0.0,1.0,0.0,0.0,0.0,0,0,0,0,1,0,0,0,0,1,1,567.0,54.0,54.0,54.0,0.0,54.0,82981020.0,9.5,10.392304,0.0,0.0,0.0,141.55,DoS-SYN_Flood,DoS
43.993507,1570363.2,7.1,166.2,61.81281,61.81281,0.0,0,0,0,0,1,0.0,1.6,0.0,139.3,1599.8,0,1,0,0,1,0,0,0,0,1,1,3386.2,131.6,1385.6,662.49634,542.2336,428.8,0.023735499,5.5,35.66738,766.8341,327275.16,0.9,38.5,BenignTraffic,Benign
19.35066,628645.5,7.1,96.7,25.341078,25.341078,0.0,0,0,0,0,1,0.2,0.5,0.0,44.7,646.6,0,1,0,0,1,0,0,0,0,1,1,24593.7,60.0,7885.2,1593.2997,2077.0183,1724.4,166519000.0,13.5,56.17485,2941.2292,4451947.5,1.0,244.6,BenignTraffic,Benign
16.267132,256507.8,6.0,180.9,44.55041,44.55041,0.0,0,0,0,0,1,0.8,1.5,0.0,84.6,369.2,0,1,0,0,1,0,0,0,0,1,1,450.4,66.0,147.0,84.50389,30.761255,75.8,0.007862687,5.5,12.967896,43.502987,1081.2128,0.9,38.5,BenignTraffic,Benign
0.03745392,36729.0,16.83,63.36,19610.22,19610.22,0.0,0,0,0,0,0,0.0,0.0,0.0,0.0,0.0,0,0,0,0,0,1,0,0,0,1,1,527.0,50.1,52.0,50.359776,0.5956988,50.1,83011720.0,9.5,10.035259,0.8432021,2.003938,0.19,141.55,DoS-UDP_Flood,DoS
5.29186,8548.4,7.6,75.0,33.27409,33.27409,0.0,0,0,0,0,1,0.4,1.0,0.0,25.4,52.6,0,0,0,0,1,0,0,0,0,1,1,835.8,54.8,403.5,156.63472,134.18593,129.5,0.003828692,5.5,17.498053,189.76756,20447.281,0.9,38.5,BenignTraffic,Benign
7.580191,128.16,6.0,64.0,0.3059929,0.3059929,0.0,0,1,0,0,0,0.0,2.18,0.18,0.0,0.18,0,0,0,0,1,0,0,0,0,1,1,573.84,54.0,54.72,54.55218,0.2806528,54.72,82985380.0,9.5,10.444658,0.39729285,0.45040146,0.18,141.55,DoS-SYN_Flood,DoS
18.30214,825447.2,7.1,130.7,37.972225,37.972225,0.0,0,0,0,0,1,0.0,0.4,0.0,52.7,840.7,0,1,0,0,1,0,0,0,0,1,1,1918.1,48.1,274.0,125.58581,87.730934,76.3,166524540.0,13.5,15.8516245,124.25763,7732.6816,1.0,244.6,BenignTraffic,Benign
1.5215436,261476.38,15.69,65.42,104.901024,104.901024,0.0,0,0,0,0,0,0.0,0.0,0.0,0.0,0.0,0,0,0,0,0,0,0,0,0,1,1,9340.9,320.85,1490.96,919.82886,547.2827,835.87,83371150.0,9.5,42.645653,774.1002,317589.22,0.95,141.55,DDoS-UDP_Fragmentation,DDoS
1.9609487,5586.18,6.21,66.83,4.1885443,4.1885443,0.0,0,0,0,0,1,0.11,1.51,0.91,2.36,6.54,1,0,0,0,1,0,0,0,0,1,1,5299.56,88.21,1404.2,527.6533,500.73413,472.88,82999200.0,9.5,29.141136,708.2378,414176.22,0.95,141.55,DoS-HTTP_Flood,DoS
24.843508,38948.3,6.5,92.4,9.529742,9.529742,0.0,0,0,0,0,1,0.0,0.2,0.0,98.4,208.2,0,1,0,0,1,0,0,0,0,1,1,1759.1,63.6,230.0,113.51805,56.049637,110.9,166525470.0,13.5,15.08089,79.33041,3149.0588,1.0,244.6,BenignTraffic,Benign
85.75371,6013744.0,7.1,200.0,66.05069,66.05069,0.0,0,0,0,0,1,0.0,0.0,0.0,189.9,5667.3,0,1,0,0,1,0,0,0,0,1,1,2115.4,210.8,1514.0,522.1635,531.3474,370.4,0.000750208,5.5,30.927387,751.43866,318725.5,0.9,38.5,BenignTraffic,Benign
4.50921,271203.5,9.8,110.3,50.52681,50.52681,0.0,0,0,0,0,0,0.0,0.0,0.0,9.7,235.5,0,0,0,0,0,0,0,0,0,1,1,1826.2,50.0,714.6,107.49985,151.94913,514.1,166517580.0,13.5,13.706384,208.74571,84162.77,1.0,244.6,BenignTraffic,Benign
0.4647554,71.28,6.0,64.0,1.3989174,1.3989174,0.0,0,0,0,1,1,0.0,0.0,0.32,1.0,1.0,0,0,0,0,1,0,0,0,0,1,1,567.0,54.0,54.0,54.0,0.0,54.0,83318220.0,9.5,10.392304,0.0,0.0,0.0,141.55,DDoS-PSHACK_Flood,DDoS
0.04924798,56.24,6.0,64.0,1.2201643,1.2201643,0.0,0,1,0,0,0,0.0,1.02,0.02,0.0,0.02,0,0,0,0,1,0,0,0,0,1,1,567.0,54.0,54.0,54.0,0.0,54.0,82985620.0,9.5,10.392304,0.0,0.0,0.0,141.55,DoS-SYN_Flood,DoS
31.300406,47100.2,6.0,97.5,19.36041,19.36041,0.0,0,0,0,0,1,0.0,1.0,0.0,160.7,333.5,0,1,0,0,1,0,0,0,0,1,1,1159.8,75.0,489.2,178.83667,147.49905,408.8,0.017205788,5.5,18.459568,208.59517,53821.37,0.9,38.5,BenignTraffic,Benign
0.0,54.0,6.0,64.0,0.62247586,0.62247586,0.0,0,0,0,1,1,0.0,0.0,0.0,1.0,1.0,0,0,0,0,1,0,0,0,0,1,1,567.0,54.0,54.0,54.0,0.0,54.0,83314420.0,9.5,10.392304,0.0,0.0,0.0,141.55,DDoS-PSHACK_Flood,DDoS
0.0,54.0,6.0,64.0,11.79343,11.79343,0.0,1,0,1,0,0,1.0,0.0,1.0,0.0,0.0,0,0,0,0,1,0,0,0,0,1,1,567.0,54.0,54.0,54.0,0.0,54.0,83340870.0,9.5,10.392304,0.0,0.0,0.0,141.55,DDoS-RSTFINFlood,DDoS
429.6855,180.2,10.9,57.6,12.464112,12.464112,0.0,0,0,0,0,0,0.0,0.4,0.3,0.0,0.3,0,0,0,0,0,0,0,0,0,1,1,1221.0,48.5,105.0,79.04167,19.419212,72.7,166862300.0,13.5,12.582201,27.43581,377.5132,1.0,244.6,DNS_Spoofing,Spoofing
12.522877,1462008.2,6.0,97.6,92.171745,92.171745,0.0,0,0,0,0,1,0.0,2.1,0.0,42.3,1267.3,0,1,0,0,1,0,0,0,0,1,1,7459.0,1079.6,1514.0,1420.3622,174.32103,1080.4,0.000348306,5.5,53.213936,246.52716,103041.21,0.3,38.5,BenignTraffic,Benign
41.302853,2855662.2,6.0,63.6,68.88591,68.88591,0.0,0,0,0,0,1,0.0,1.8,0.0,141.1,2682.5,0,1,0,0,1,0,0,0,0,1,1,7747.8,934.8,1514.0,1444.6454,187.5038,1369.2,0.001438618,5.5,53.72781,265.1704,88185.15,0.4,38.5,BenignTraffic,Benign
29.266634,1969248.1,6.0,213.8,75.77709,75.77709,0.0,0,0,0,0,1,0.0,1.8,0.0,128.3,1805.0,0,1,0,0,1,0,0,0,0,1,1,363.0,66.0,66.0,66.0,0.0,66.0,0.000650692,5.5,11.489125,0.0,0.0,0.0,38.5,BenignTraffic,Benign
27.67965,1763944.4,6.0,214.3,77.96028,77.96028,0.0,0,0,0,0,1,0.0,1.8,0.0,145.8,1846.5,0,1,0,0,1,0,0,0,0,1,1,1205.0,66.0,214.0,78.019745,37.047466,75.0,166519150.0,13.5,12.457935,51.872513,1354.6761,1.0,244.6,BenignTraffic,Benign
0.83820266,566343.1,17.0,64.0,1232.4786,1232.4786,0.0,0,0,0,0,0,0.0,0.0,0.0,0.0,0.0,0,0,0,0,0,1,0,0,0,1,1,5817.0,554.0,554.0,554.0,0.0,554.0,83767520.0,9.5,33.286633,0.0,0.0,0.0,141.55,Mirai-udpplain,Mirai
7.4571233,108.0,6.0,65.74,0.82763934,0.82763934,0.0,0,1,0,0,0,0.0,1.98,0.0,0.0,0.02,0,1,0,0,1,0,0,0,0,1,1,567.0,54.0,54.0,54.0,0.0,54.0,82986050.0,9.5,10.392304,0.0,0.0,0.0,141.55,DoS-SYN_Flood,DoS
4.0314164,108.0,6.0,64.0,0.49610376,0.49610376,0.0,0,1,0,0,0,0.0,2.0,0.0,0.0,0.0,0,0,0,0,1,0,0,0,0,1,1,567.0,54.0,54.0,54.0,0.0,54.0,82985320.0,9.5,10.392304,0.0,0.0,0.0,141.55,DoS-SYN_Flood,DoS
0.0,54.0,6.0,64.0,19.889435,19.889435,0.0,0,0,0,1,1,0.0,0.0,0.0,1.0,1.0,0,0,0,0,1,0,0,0,0,1,1,567.0,54.0,54.0,54.0,0.0,54.0,83331240.0,9.5,10.392304,0.0,0.0,0.0,141.55,DDoS-PSHACK_Flood,DDoS
0.0,54.0,6.0,64.0,7.877766,7.877766,0.0,1,0,1,0,0,1.0,0.0,1.0,0.0,0.0,0,0,0,0,1,0,0,0,0,1,1,567.0,54.0,54.0,54.0,0.0,54.0,83348280.0,9.5,10.392304,0.0,0.0,0.0,141.55,DDoS-RSTFINFlood,DDoS
46.282368,611740.3,6.0,70.4,100.87646,100.87646,0.0,0,0,0,0,1,0.0,1.4,0.0,154.0,795.0,0,1,0,0,1,0,0,0,0,1,1,4684.4,156.8,1110.2,665.43945,450.55673,1109.4,0.003124809,5.5,34.58257,637.1834,289053.2,0.9,38.5,BenignTraffic,Benign
0.87342787,49743.0,6.5,210.3,72.42324,72.42324,0.0,0,0,0,0,1,0.0,0.0,0.0,2.4,66.8,0,1,0,0,1,0,0,0,0,1,1,8604.4,60.0,1514.0,573.0325,613.9972,80.2,166526050.0,13.5,33.79956,869.48096,378290.06,1.0,244.6,BenignTraffic,Benign
64.430305,2781131.8,6.0,133.1,38.98787,38.98787,0.0,0,0,0,0,1,0.0,0.0,0.0,144.9,2637.2,0,1,0,0,1,0,0,0,0,1,1,12190.4,56.0,7306.0,786.1532,1851.23,654.0,166519090.0,13.5,39.530533,2623.0288,3453509.0,1.0,244.6,BenignTraffic,Benign
0.0502352,6.18,46.18,65.91,2.117425,2.117425,0.0,0,0,0,0,0,0.0,0.09,0.0,0.0,0.04,0,0,0,0,0,0,0,0,0,1,1,6021.3,490.54,592.0,567.2618,39.581985,581.48,83694060.0,9.5,33.6175,56.028656,8504.033,0.19,141.55,Mirai-greeth_flood,Mirai
0.0,0.0,47.0,64.0,48.558956,48.558956,0.0,0,0,0,0,0,0.0,0.0,0.0,0.0,0.0,0,0,0,0,0,0,0,0,0,1,1,6069.0,578.0,578.0,578.0,0.0,578.0,83646610.0,9.5,34.0,0.0,0.0,0.0,141.55,Mirai-greip_flood,Mirai
30.416483,6026.9,6.0,89.0,41.72181,41.72181,0.0,0,0,0,0,1,0.0,1.6,0.0,6.2,16.0,0,1,0,0,1,0,0,0,0,1,1,4431.7,63.8,1661.0,293.56372,505.6622,73.1,166524580.0,13.5,24.214212,716.4802,258113.44,1.0,244.6,BenignTraffic,Benign
87.10037,4828.7,6.0,100.3,0.20985194,0.20985194,0.0,0,0,0,1,1,0.0,0.0,0.0,11.3,18.6,0,0,0,0,1,0,0,0,0,1,1,2408.5,54.0,622.7,149.34737,159.94806,269.9,166520540.0,13.5,17.185411,226.69649,30476.096,1.0,244.6,BenignTraffic,Benign
3.936269,4584399.0,6.0,63.3,825.2224,825.2224,0.0,0,0,0,0,1,0.0,0.0,0.0,18.4,3248.3,0,1,0,0,1,0,0,0,0,1,1,1666.2,66.0,1369.2,345.3146,502.7472,210.8,6.7e-06,5.5,25.250425,710.9919,289177.53,0.9,38.5,MITM-ArpSpoofing,Spoofing
0.0,54.0,6.0,64.0,5.368844,5.368844,0.0,1,0,1,0,0,1.0,0.0,1.0,0.0,0.0,0,0,0,0,1,0,0,0,0,1,1,567.0,54.0,54.0,54.0,0.0,54.0,83345170.0,9.5,10.392304,0.0,0.0,0.0,141.55,DDoS-RSTFINFlood,DDoS
63.14972,1671880.4,6.5,75.9,35.35674,35.35674,0.0,0,0,0,0,1,0.0,0.8,0.0,257.7,1926.8,0,1,0,0,1,0,0,0,0,1,1,6059.4,60.6,3426.0,768.5438,1080.5985,1546.2,0.034715295,5.5,34.145767,1528.1971,2388560.0,0.9,38.5,BenignTraffic,Benign
0.999105,1355960.4,16.84,66.45,2430.0886,2430.0886,0.0,0,0,0,0,0,0.0,0.0,0.0,0.0,0.0,0,0,0,0,0,1,0,0,0,1,1,5721.82,458.82,554.0,545.5414,26.385372,547.42,83784910.0,9.5,33.026516,37.364353,3086.7498,0.27,141.55,Mirai-udpplain,Mirai
10.77304,787927.5,7.1,147.5,67.745026,67.745026,0.0,0,0,0,0,1,0.0,0.0,0.0,26.6,759.5,0,1,0,0,1,0,0,0,0,1,1,8338.3,509.4,5377.2,1694.2665,1700.2134,1020.2,0.006234407,5.5,57.3882,2404.4648,3636508.0,0.8,38.5,BenignTraffic,Benign
63.612843,2263662.5,5.5,130.4,30.067747,30.067747,0.0,0,0,0,0,1,0.4,0.0,0.0,177.8,2393.8,0,1,0,0,1,0,0,0,0,1,1,436.2,67.1,116.7,77.919205,16.501513,78.4,0.032991003,5.5,12.477726,23.336662,426.64627,0.9,38.5,BenignTraffic,Benign
26.470533,507236.4,6.0,62.8,47.00184,47.00184,0.0,0,0,0,0,1,0.0,0.8,0.0,179.6,759.0,0,1,0,0,1,0,0,0,0,1,1,3940.0,60.0,1013.6,239.81206,283.3493,663.2,166523100.0,13.5,21.330294,394.30197,100395.016,1.0,244.6,BenignTraffic,Benign
0.060095612,56.94,6.0,65.91,21.297998,21.297998,0.0,0,1,0,0,0,0.0,1.05,0.0,0.0,0.03,0,0,0,0,1,0,0,0,0,1,1,567.24,54.0,54.24,54.013847,0.055884104,54.04,83089790.0,9.5,10.393646,0.07933481,0.052539427,0.06,141.55,DDoS-SYN_Flood,DDoS
0.0,0.0,47.0,64.0,18.86577,18.86577,0.0,0,0,0,0,0,0.0,0.0,0.0,0.0,0.0,0,0,0,0,0,0,0,0,0,1,1,6216.0,592.0,592.0,592.0,0.0,592.0,83693750.0,9.5,34.4093,0.0,0.0,0.0,141.55,Mirai-greeth_flood,Mirai
62.265575,91596.8,10.4,77.0,8.671344,8.671344,0.0,0,0,0,0,1,0.0,0.0,0.0,248.9,524.4,0,1,0,0,1,0,0,0,0,1,1,449.0,50.0,145.4,80.56127,39.865837,86.6,0.02539661,5.5,12.648579,56.378803,1781.2332,0.9,38.5,BenignTraffic,Benign
0.0,54.0,6.0,64.0,118.46309,118.46309,0.0,0,0,0,1,1,0.0,0.0,0.0,1.0,1.0,1,0,0,0,1,0,0,0,0,1,1,567.0,54.0,54.0,54.0,0.0,54.0,83331070.0,9.5,10.392304,0.0,0.0,0.0,141.55,DDoS-PSHACK_Flood,DDoS
20.04347,44946.2,8.2,100.6,14.68076,14.68076,0.0,0,0,0,0,1,0.0,0.0,0.0,145.2,300.4,0,1,0,0,1,0,0,0,0,1,1,1646.0,60.0,206.2,104.91417,50.925556,133.2,166523230.0,13.5,14.489536,72.08672,2650.4983,1.0,244.6,BenignTraffic,Benign
18.055523,775513.3,7.1,82.7,62.579266,62.579266,0.0,0,0,0,0,1,0.0,1.3,0.0,94.9,827.2,0,1,0,0,1,0,0,0,0,1,1,7367.9,943.8,1950.5,1450.4421,370.24805,1007.9,0.005222583,5.5,53.652233,523.6098,200244.16,0.9,38.5,BenignTraffic,Benign
5.3093266,102093.2,7.1,137.8,15.579765,15.579765,0.0,0,0,0,0,1,0.0,0.2,0.0,21.5,125.3,0,0,0,0,1,0,0,0,0,1,1,30331.4,60.9,13098.0,2018.4381,3148.621,239.2,166519310.0,13.5,63.443863,4460.94,9987946.0,1.0,244.6,BenignTraffic,Benign
0.13424784,69.98,6.0,64.0,3.0446668,3.0446668,0.0,0,1,0,0,0,0.0,1.08,0.14,0.0,0.15,0,0,0,0,1,0,0,0,0,1,1,567.4,54.0,54.4,54.026752,0.09939906,54.04,82973050.0,9.5,10.394886,0.14087425,0.09995798,0.1,141.55,DoS-SYN_Flood,DoS
0.0,54.0,6.0,64.0,13.414003,13.414003,0.0,0,1,0,0,0,0.0,1.0,0.0,0.0,0.0,0,0,0,0,1,0,0,0,0,1,1,567.0,54.0,54.0,54.0,0.0,54.0,83093460.0,9.5,10.392304,0.0,0.0,0.0,141.55,DDoS-SYN_Flood,DDoS
3.204955,467553.0,6.0,64.0,123.090645,123.090645,0.0,0,0,0,0,1,0.0,2.0,0.0,131.0,393.5,0,1,0,0,1,0,0,0,0,1,1,363.0,66.0,66.0,66.0,0.0,66.0,0.001273394,5.5,11.489125,0.0,0.0,0.0,38.5,DNS_Spoofing,Spoofing
113.36514,6916525.5,6.0,63.6,58.547092,58.547092,0.0,0,0,0,0,1,0.0,0.0,0.0,254.5,6641.3,0,1,0,0,1,0,0,0,0,1,1,10580.0,42.0,1514.0,652.1543,679.32916,1370.3,166520580.0,13.5,35.70602,961.08575,464493.7,1.0,244.6,BenignTraffic,Benign
143.3717,1984494.8,7.9,80.99,22.568813,22.568813,0.0,0,0,0,0,1,0.21,0.41,0.0,1382.0,2802.33,0,0,0,0,1,0,0,0,0,1,1,3298.81,67.73,1068.42,298.56693,363.84476,324.34,83241730.0,9.5,23.578194,515.0964,166783.94,0.93,141.55,VulnerabilityScan,Recon
0.0,0.0,45.61,67.18,23.173014,23.173014,0.0,0,0,0,0,0,0.0,0.0,0.0,0.0,0.0,0,0,0,0,0,0,0,0,0,1,1,6000.78,496.84,592.0,572.35583,37.79405,576.24,83681100.0,9.5,33.8055,53.505108,8022.3247,0.18,141.55,Mirai-greeth_flood,Mirai
68.63257,1818669.2,6.0,186.4,20.29267,20.29267,0.0,0,0,0,0,1,0.0,0.4,0.0,75.4,1752.6,0,1,0,0,1,0,0,0,0,1,1,5943.8,54.8,1514.0,394.39297,518.2054,88.7,166520620.0,13.5,28.060265,734.00574,270249.44,1.0,244.6,BenignTraffic,Benign
0.0,0.0,0.99,63.36,25.358702,25.358702,0.0,0,0,0,0,0,0.0,0.0,0.0,0.0,0.0,0,0,0,0,0,0,0,0,1,1,1,9756.28,372.96,1479.44,923.77313,544.92505,934.98,83254320.0,9.5,42.815903,770.58624,312600.94,0.95,141.55,DDoS-ICMP_Fragmentation,DDoS
32.400845,42108.8,11.5,101.2,8.71287,8.71287,0.0,0,0,0,0,0,0.0,0.2,0.0,104.3,222.7,0,0,0,0,0,0,0,0,0,1,1,925.8,66.0,286.8,153.97191,75.69598,174.0,0.02538309,5.5,17.403818,107.05027,6591.839,0.9,38.5,BenignTraffic,Benign
5.9460106,561898.8,6.0,198.0,91.26547,91.26547,0.0,0,0,0,0,1,0.0,0.0,0.0,18.0,536.5,0,1,0,0,1,0,0,0,0,1,1,363.0,66.0,66.0,66.0,0.0,66.0,0.007184887,5.5,11.489125,0.0,0.0,0.0,38.5,BenignTraffic,Benign
0.090182625,29168.88,16.89,64.0,10913.043,10913.043,0.0,0,0,0,0,0,0.0,0.0,0.0,0.2,0.4,0,0,0,0,0,1,0,0,0,1,1,613.54,50.0,138.54,62.105465,27.759562,54.66,83028430.0,9.5,10.907793,39.29322,4351.6714,0.19,141.55,DoS-UDP_Flood,DoS
32.072113,1717.8,9.3,83.7,16.002106,16.002106,0.0,0,0,0,0,1,0.6,1.1,0.0,0.7,3.1,0,0,0,0,1,0,0,0,0,1,1,1867.4,66.0,333.6,119.61745,81.77616,122.3,166516530.0,13.5,15.479021,115.8731,6928.6416,1.0,244.6,BenignTraffic,Benign
17.39144,1812625.5,6.0,64.0,92.77551,92.77551,0.0,0,0,0,0,1,0.0,2.0,0.0,75.1,1612.5,0,1,0,0,1,0,0,0,0,1,1,11026.5,66.0,1562.5,681.1964,663.56793,1562.5,166521440.0,13.5,36.480114,934.64856,439211.2,1.0,244.6,BenignTraffic,Benign
27.925102,106352.1,10.9,92.0,47.936985,47.936985,0.0,0,0,0,0,0,0.0,0.2,0.0,52.2,184.1,0,0,0,0,0,0,0,0,0,1,1,504.6,72.2,122.5,89.32845,15.998814,100.5,0.012621212,5.5,13.35502,22.62574,514.2463,0.9,38.5,BenignTraffic,Benign
0.0,0.0,47.0,64.0,2.5663903,2.5663903,0.0,0,0,0,0,0,0.0,0.0,0.0,0.0,0.0,0,0,0,0,0,0,0,0,0,1,1,6216.0,592.0,592.0,592.0,0.0,592.0,83693910.0,9.5,34.4093,0.0,0.0,0.0,141.55,Mirai-greeth_flood,Mirai
21.33037,1611092.0,6.0,232.0,77.33105,77.33105,0.0,0,0,0,0,1,0.0,2.0,0.0,83.0,1648.5,0,1,0,0,1,0,0,0,0,1,1,2817.0,66.0,1226.0,185.97758,285.45316,66.0,166520780.0,13.5,19.275938,404.5029,82280.3,1.0,244.6,BenignTraffic,Benign
4.1299605,108.0,6.0,64.0,0.48426613,0.48426613,0.0,0,1,0,0,0,0.0,2.0,0.0,0.0,0.0,0,0,0,0,1,0,0,0,0,1,1,567.0,54.0,54.0,54.0,0.0,54.0,82972720.0,9.5,10.392304,0.0,0.0,0.0,141.55,DoS-SYN_Flood,DoS
24.24311,1744344.0,6.0,97.6,66.10125,66.10125,0.0,0,0,0,0,1,0.0,0.0,0.0,59.2,1602.5,0,1,0,0,1,0,0,0,0,1,1,12121.0,66.0,2527.6,757.2371,805.68494,1369.2,166522700.0,13.5,38.67105,1140.9855,659220.2,1.0,244.6,BenignTraffic,Benign
0.0,54.0,6.0,64.0,2.8363197,2.8363197,0.0,0,0,0,0,0,0.0,0.0,0.0,0.0,0.0,0,0,0,0,1,0,0,0,0,1,1,567.0,54.0,54.0,54.0,0.0,54.0,82947050.0,9.5,10.392304,0.0,0.0,0.0,141.55,DoS-TCP_Flood,DoS
0.0,0.0,1.0,64.0,10.686452,10.686452,0.0,0,0,0,0,0,0.0,0.0,0.0,0.0,0.0,0,0,0,0,0,0,0,0,1,1,1,441.0,42.0,42.0,42.0,0.0,42.0,83149820.0,9.5,9.165152,0.0,0.0,0.0,141.55,DDoS-ICMP_Flood,DDoS
0.0,54.0,6.0,64.0,0.95768106,0.95768106,0.0,0,0,0,1,1,0.0,0.0,0.0,1.0,1.0,0,0,0,0,1,0,0,0,0,1,1,567.0,54.0,54.0,54.0,0.0,54.0,83331304.0,9.5,10.392304,0.0,0.0,0.0,141.55,DDoS-PSHACK_Flood,DDoS
0.0,54.0,6.0,64.0,1.6066544,1.6066544,0.0,0,0,0,0,0,0.0,0.0,0.0,0.0,0.0,0,0,0,0,1,0,0,0,0,1,1,567.0,54.0,54.0,54.0,0.0,54.0,83075976.0,9.5,10.392304,0.0,0.0,0.0,141.55,DDoS-TCP_Flood,DDoS
0.008063717,7080.5,16.68,67.82,17437.635,17437.635,0.0,0,0,0,0,0,0.0,0.0,0.0,0.0,0.0,0,0,0,0,0,1,0,0,0,1,1,532.4,50.0,53.8,50.939095,1.5032638,50.4,83011440.0,9.5,10.091003,2.1278856,12.260036,0.19,141.55,DoS-UDP_Flood,DoS
17.587059,364880.2,6.7,160.1,64.65425,64.65425,0.0,0,0,0,0,1,0.0,0.8,0.0,55.5,401.2,0,1,0,0,1,0,0,0,0,1,1,525.6,54.0,212.4,97.14532,59.805256,90.2,0.02502129,5.5,13.852345,84.57741,4083.3528,0.9,38.5,BenignTraffic,Benign
0.0,54.2,6.0,65.69,24.28107,24.28107,0.0,0,1,0,0,0,0.0,1.0,0.0,0.0,0.01,0,0,0,0,1,0,0,0,0,1,1,570.0,54.0,57.0,54.262882,0.8305141,54.2,83093300.0,9.5,10.417419,1.176038,4.7368627,0.15,141.55,DDoS-SYN_Flood,DDoS
1.134806,82.08,6.0,64.0,0.95064104,0.95064104,0.0,0,1,0,0,0,0.0,1.52,0.0,0.0,0.0,0,0,0,0,1,0,0,0,0,1,1,567.0,54.0,54.0,54.0,0.0,54.0,83361416.0,9.5,10.392304,0.0,0.0,0.0,141.55,DDoS-SynonymousIP_Flood,DDoS
0.0,757.74,6.0,64.0,0.29937643,0.29937643,0.0,0,0,0,0,0,0.0,0.01,0.0,0.0,0.5,0,0,0,0,1,0,0,0,0,1,1,10143.6,389.0,1514.0,999.726,542.67773,941.0,83340504.0,9.5,44.671032,767.43146,310161.28,0.95,141.55,DDoS-ACK_Fragmentation,DDoS
0.07578284,24253.5,17.0,64.0,6938.97,6938.97,0.0,0,0,0,0,0,0.0,0.0,0.0,0.0,0.0,0,0,0,0,0,1,0,0,0,1,1,525.0,50.0,50.0,50.0,0.0,50.0,83123640.0,9.5,10.0,0.0,0.0,0.0,141.55,DDoS-UDP_Flood,DDoS
20.839556,239080.1,6.0,136.4,60.366333,60.366333,0.0,0,0,0,0,1,0.0,1.6,0.0,176.7,517.5,0,1,0,0,1,0,0,0,0,1,1,2071.3,75.0,844.0,273.20584,294.7951,804.1,0.00143218,5.5,21.382355,416.90323,201452.39,0.9,38.5,BenignTraffic,Benign
0.0,54.0,6.0,64.0,130.19319,130.19319,0.0,0,0,0,0,0,0.0,0.0,0.0,0.0,0.0,0,0,0,0,1,0,0,0,0,1,1,567.0,54.0,54.0,54.0,0.0,54.0,83071570.0,9.5,10.392304,0.0,0.0,0.0,141.55,DDoS-TCP_Flood,DDoS
0.037961137,21575.0,17.0,64.0,11355.99,11355.99,0.0,0,0,0,0,0,0.0,0.0,0.0,0.0,0.0,0,0,0,0,0,1,0,0,0,1,1,525.0,50.0,50.0,50.0,0.0,50.0,83487416.0,9.5,10.0,0.0,0.0,0.0,141.55,DDoS-UDP_Flood,DDoS
31.438215,2262846.5,6.0,149.2,64.74624,64.74624,0.0,0,0,0,0,1,0.0,0.6,0.0,84.7,2195.7,0,1,0,0,1,0,0,0,0,1,1,17001.2,66.0,2962.0,1116.1536,824.3354,663.2,166522580.0,13.5,47.1246,1167.6342,682670.4,1.0,244.6,BenignTraffic,Benign
5.0374007,108.0,6.0,64.0,0.39703125,0.39703125,0.0,0,1,0,0,0,0.0,2.0,0.0,0.0,0.0,0,0,0,0,1,0,0,0,0,1,1,567.0,54.0,54.0,54.0,0.0,54.0,82985460.0,9.5,10.392304,0.0,0.0,0.0,141.55,DoS-SYN_Flood,DoS
0.0,54.63,6.22,63.76,0.0,0.0,0.0,0,0,0,0,0,0.0,0.0,0.0,0.0,0.0,0,0,0,0,1,0,0,0,0,1,1,571.01,53.32,58.69,54.20922,1.2480389,54.63,82943430.0,9.5,10.412146,1.7701263,18.099957,0.17,141.55,DoS-TCP_Flood,DoS
0.18877992,95600.09,16.78,65.72,849.1111,849.1111,0.0,0,0,0,0,0,0.0,0.0,0.0,0.03,0.03,0,0,0,0,0,1,0,0,0,1,1,5742.34,483.44,554.0,547.0473,20.049572,549.18,83789120.0,9.5,33.072308,28.387356,2607.8708,0.16,141.55,Mirai-udpplain,Mirai
167.27571,25783.9,14.8,64.0,2.7784884,2.7784884,0.0,0,0,0,0,0,0.0,0.0,0.0,10.9,16.8,0,0,0,0,0,1,0,0,0,1,1,1583.9,50.0,350.0,103.48354,87.4641,67.3,166517020.0,13.5,14.394423,123.883484,7704.617,1.0,244.6,BenignTraffic,Benign
21.093004,1963888.0,6.0,164.8,86.54527,86.54527,0.0,0,0,0,0,1,0.0,2.0,0.0,86.0,1824.5,0,1,0,0,1,0,0,0,0,1,1,13331.0,66.0,2527.6,858.5669,827.52325,790.0,166523220.0,13.5,41.498207,1171.0831,690642.9,1.0,244.6,BenignTraffic,Benign
26.32282,67043.1,8.7,52.1,12.6810055,12.6810055,0.0,0,0,0,0,0,0.1,0.7,0.0,172.1,370.1,0,1,0,0,1,0,0,0,0,1,1,1507.3,58.0,214.0,97.69224,54.75914,80.7,166518980.0,13.5,13.988748,77.54418,3017.9675,1.0,244.6,BenignTraffic,Benign
62.247364,635809.6,7.1,115.2,13.603233,13.603233,0.0,0,0,0,0,1,0.0,1.1,0.6,156.4,859.5,0,1,0,0,1,0,0,0,0,1,1,5126.2,66.0,2681.4,325.2619,667.6671,557.0,166526000.0,13.5,25.176937,946.32806,495468.47,1.0,244.6,BenignTraffic,Benign
0.26686364,624903.5,16.83,63.36,1546.5724,1546.5724,0.0,0,0,0,0,0,0.0,0.0,0.0,0.0,0.0,0,0,0,0,0,0,0,0,0,1,1,9633.36,330.68,1479.44,906.32214,551.0089,934.98,83371010.0,9.5,42.40511,779.1902,319849.97,0.95,141.55,DDoS-UDP_Fragmentation,DDoS
54.48557,2368312.5,6.0,113.6,60.799877,60.799877,0.0,0,0,0,0,1,0.0,1.6,0.0,293.8,2687.3,0,1,0,0,1,0,0,0,0,1,1,3322.0,66.0,1378.2,434.18326,488.27896,943.8,0.005317497,5.5,26.550995,690.53076,410763.16,0.7,38.5,BenignTraffic,Benign
16.731672,891352.5,6.0,179.3,59.620285,59.620285,0.0,0,0,0,0,1,0.0,1.7,0.0,64.0,848.1,0,1,0,0,1,0,0,0,0,1,1,24310.4,66.0,13098.0,1623.3623,3214.0815,66.8,166525220.0,13.5,56.86296,4554.1733,10421241.0,1.0,244.6,BenignTraffic,Benign
0.046206478,134.32,6.0,63.96,45.52429,45.52429,0.0,1,0,1,0,0,0.99,0.0,0.99,0.33,0.67,1,0,0,0,1,0,0,0,0,1,1,568.2,54.0,55.2,54.080254,0.29819718,54.12,83345010.0,9.5,10.400028,0.42262277,0.89962184,0.1,141.55,DDoS-RSTFINFlood,DDoS
14.366834,1017995.4,6.0,64.0,69.326546,69.326546,0.0,0,0,0,0,1,0.0,0.0,0.0,33.4,996.4,0,1,0,0,1,0,0,0,0,1,1,22337.4,66.0,4410.0,1434.5128,1338.6732,1808.2,166522830.0,13.5,53.551468,1897.5737,1809215.8,1.0,244.6,BenignTraffic,Benign
0.019156277,10496.5,17.0,64.0,70978.54,70978.54,0.0,0,0,0,0,0,0.0,0.0,0.0,0.0,0.0,0,0,0,0,0,1,0,0,0,1,1,525.0,50.0,50.0,50.0,0.0,50.0,83097840.0,9.5,10.0,0.0,0.0,0.0,141.55,DDoS-UDP_Flood,DDoS
15.955573,605634.2,5.4,191.6,256.2999,256.2999,0.0,0,0,0,0,1,0.0,1.6,0.0,141.0,746.0,0,1,0,0,1,0,0,0,0,1,1,1276.4,65.4,230.0,82.956795,45.039566,65.4,166522430.0,13.5,12.885891,63.809994,2048.5742,1.0,244.6,BenignTraffic,Benign
0.0,54.2,6.11,64.0,36.78488,36.78488,0.0,0,0,0,0,0,0.0,0.0,0.0,0.0,0.0,1,0,0,0,1,0,0,0,0,1,1,568.4,54.0,55.4,54.083523,0.33092842,54.2,83076240.0,9.5,10.400348,0.4695172,1.5787919,0.07,141.55,DDoS-TCP_Flood,DDoS
33.40178,1537162.9,9.3,83.1,48.787918,48.787918,0.0,0,0,0,0,1,0.0,0.2,0.0,74.5,1423.2,0,1,0,0,1,0,0,0,0,1,1,14891.6,50.0,5423.6,890.45746,1631.1897,2743.9,166522780.0,13.5,41.164604,2313.579,3073077.8,1.0,244.6,BenignTraffic,Benign
0.019516742,32.63,1.26,64.0,15.44794,15.44794,0.0,0,0,0,0,0,0.0,0.02,0.0,0.01,0.03,0,0,0,0,0,0,0,0,1,1,1,9625.57,370.65,1467.92,905.84766,537.601,910.83,83249680.0,9.5,42.38217,760.25964,307467.16,0.95,141.55,DDoS-ICMP_Fragmentation,DDoS
0.0,2.3,43.92,72.27,70.8617,70.8617,0.0,0,0,0,0,0,0.0,0.0,0.0,0.0,0.0,0,0,0,0,0,0,0,0,0,1,1,5519.78,369.22,550.62,500.57184,69.81529,543.84,83647256.0,9.5,31.19692,97.235344,14099.238,0.38,141.55,Mirai-greip_flood,Mirai
18.25897,517877.5,9.9,114.0,24.59752,24.59752,0.0,0,0,0,0,0,0.0,0.0,0.0,53.4,543.5,0,0,0,0,0,0,0,0,0,1,1,1251.8,47.6,230.0,81.57778,52.044735,67.8,166518300.0,13.5,12.779318,73.722374,2731.8538,1.0,244.6,BenignTraffic,Benign
0.00295454,60.37,6.0,64.0,26.805475,26.805475,0.0,0,1,0,0,0,0.0,1.02,0.0,0.01,0.05,0,0,0,0,1,0,0,0,0,1,1,614.11,54.12,99.07,59.072117,13.160553,56.75,83077020.0,9.5,10.822389,18.6316,1047.5045,0.19,141.55,DDoS-SYN_Flood,DDoS
8.264611,365097.2,6.0,64.0,136.23087,136.23087,0.0,0,0,0,0,1,0.0,1.8,0.0,66.8,371.6,0,1,0,0,1,0,0,0,0,1,1,25467.4,1568.0,8319.6,4859.2505,2313.899,4129.4,0.000584006,5.5,98.33416,3272.3474,6011122.0,0.9,38.5,BenignTraffic,Benign
1348.7654,2617.3,6.5,86.9,0.3279222,0.3279222,0.0,0,0,0,0,0,0.0,0.2,0.0,1.3,3.0,0,0,0,0,0,0,0,0,0,1,1,593.1,70.5,203.3,109.07111,45.044582,98.8,0.029898906,5.5,14.7449875,63.70266,2548.9119,0.9,38.5,DNS_Spoofing,Spoofing
100.32955,6247104.0,7.1,234.3,59.488106,59.488106,0.0,0,0,0,0,1,0.0,0.0,0.0,223.2,5967.9,0,1,0,0,1,0,0,0,0,1,1,494.2,66.0,197.2,89.43508,48.74098,82.4,0.000201106,5.5,13.320428,68.93015,3037.0977,0.8,38.5,BenignTraffic,Benign
12.934289,1412795.0,6.0,148.0,98.84578,98.84578,0.0,0,0,0,0,1,0.0,0.0,0.0,38.0,1278.5,0,1,0,0,1,0,0,0,0,1,1,3259.0,66.0,934.8,430.52826,414.5885,790.0,0.000193286,5.5,26.402918,586.31665,288094.22,0.6,38.5,BenignTraffic,Benign
0.2191735,18019.0,17.0,64.0,3757.5256,3757.5256,0.0,0,0,0,0,0,0.0,0.0,0.0,0.0,0.0,0,0,0,0,0,1,0,0,0,1,1,525.0,50.0,50.0,50.0,0.0,50.0,83102230.0,9.5,10.0,0.0,0.0,0.0,141.55,DDoS-UDP_Flood,DDoS
45.976723,69373.0,3.2,61.5,11.593895,11.593895,0.0,0,0,0,0,0,0.0,0.0,0.0,192.8,407.4,0,0,0,0,0,0,0,0,0,1,1,5231.0,60.0,2587.0,346.6253,694.2738,97.8,166518160.0,13.5,26.290289,984.0025,487140.53,1.0,244.6,BenignTraffic,Benign
94.5859,2295726.8,5.4,140.6,37.55228,37.55228,0.0,0,0,0,0,1,0.0,1.0,0.0,268.0,2544.8,0,1,0,0,1,0,0,0,0,1,1,1171.4,63.0,156.0,75.90195,25.634079,66.5,166524530.0,13.5,12.323288,36.325935,663.67694,1.0,244.6,BenignTraffic,Benign
50.043247,77559.1,7.1,73.5,18.99099,18.99099,0.0,0,0,0,0,1,0.5,1.0,0.0,159.9,355.9,0,1,0,0,1,0,0,0,0,1,1,1695.7,66.0,506.0,110.13483,110.024414,86.9,166516830.0,13.5,14.849685,155.92049,12234.452,1.0,244.6,BenignTraffic,Benign
98.67584,5984437.5,6.0,64.0,57.632706,57.632706,0.0,0,0,0,0,1,0.0,0.0,0.0,283.0,5687.3,0,1,0,0,1,0,0,0,0,1,1,17736.3,66.0,5858.0,1136.195,1483.7606,1426.7,166521010.0,13.5,47.61812,2102.96,2219456.0,1.0,244.6,BenignTraffic,Benign
0.26805124,23505.2,5.4,86.7,149.91507,149.91507,0.0,0,0,0,0,0,0.0,0.1,0.0,1.7,32.5,0,1,0,0,1,0,0,0,0,1,1,3664.0,350.2,2962.0,970.1134,989.4086,440.6,0.01584108,5.5,41.819054,1399.2351,1121616.2,0.9,38.5,BenignTraffic,Benign
137.07866,17037.4,10.4,110.7,69912.945,69912.945,0.0,0,0,0,0,0,0.0,0.2,0.0,75.9,128.1,0,0,0,0,0,0,0,0,0,1,1,1951.8,60.0,230.0,126.574844,54.20516,100.2,166848370.0,13.5,15.91504,76.820274,2952.0046,1.0,244.6,Recon-HostDiscovery,Recon
0.037772134,175.09,1.97,63.15,27.049585,27.049585,0.0,0,0,0,0,0,0.05,0.18,0.04,0.15,0.62,0,0,0,0,0,0,0,0,1,1,1,8211.54,309.58,1313.24,757.64374,474.83585,820.59,83283490.0,9.5,37.320183,670.6224,265389.16,0.95,141.55,DDoS-ICMP_Fragmentation,DDoS
1353.327,51271.7,10.9,105.6,3.2637868,3.2637868,0.0,0,0,0,0,0,0.0,0.0,0.0,172.1,355.0,0,0,0,0,0,0,0,0,0,1,1,1510.4,46.0,230.0,97.309944,64.113075,109.6,167629860.0,13.5,13.948725,90.89298,4135.6323,1.0,244.6,Backdoor_Malware,Web
0.0,53.46,5.94,63.36,0.6580168,0.6580168,0.0,0,0,0,0,0,0.0,0.0,0.0,0.0,0.0,0,0,0,0,1,0,0,0,0,1,1,567.96,54.0,54.96,54.090866,0.27315423,54.06,83072470.0,9.5,10.401036,0.38675252,0.48391765,0.16,141.55,DDoS-TCP_Flood,DDoS
3.5421953,2765845.0,17.0,64.0,1409.429,1409.429,0.0,0,0,0,0,0,0.0,0.0,0.0,0.0,0.0,0,0,0,0,0,1,0,0,0,1,1,5817.0,554.0,554.0,554.0,0.0,554.0,83784620.0,9.5,33.286633,0.0,0.0,0.0,141.55,Mirai-udpplain,Mirai
0.12199919,60.72,6.0,64.0,25.914557,25.914557,0.0,0,1,0,0,0,0.0,1.06,0.06,0.0,0.06,0,1,0,0,1,0,0,0,0,1,1,567.0,54.0,54.0,54.0,0.0,54.0,82985960.0,9.5,10.392304,0.0,0.0,0.0,141.55,DoS-SYN_Flood,DoS
48.332592,46210.3,7.7,118.4,6.1210513,6.1210513,0.0,0,0,0,0,1,0.5,0.0,0.0,124.6,265.1,0,0,0,0,1,0,0,0,0,1,1,709.2,64.8,198.4,121.43242,55.712395,119.2,0.015257978,5.5,15.460521,78.78922,3823.2024,0.9,38.5,BenignTraffic,Benign
0.10326175,17993.0,17.0,64.0,4365.7715,4365.7715,0.0,0,0,0,0,0,0.0,0.0,0.0,0.0,0.0,0,0,0,0,0,1,0,0,0,1,1,525.0,50.0,50.0,50.0,0.0,50.0,83106184.0,9.5,10.0,0.0,0.0,0.0,141.55,DDoS-UDP_Flood,DDoS
28.171957,2073787.1,8.2,181.6,56.57311,56.57311,0.0,0,0,0,0,1,0.0,0.1,0.0,67.9,1903.3,0,1,0,0,1,0,0,0,0,1,1,361.4,54.0,73.6,66.42841,6.246377,65.6,0.001810002,5.5,11.524607,8.833712,47.933704,0.9,38.5,BenignTraffic,Benign
0.0,54.0,6.0,64.0,39.451668,39.451668,0.0,0,0,0,0,0,0.0,0.0,0.0,0.0,0.0,0,0,0,0,1,0,0,0,0,1,1,567.0,54.0,54.0,54.0,0.0,54.0,83075976.0,9.5,10.392304,0.0,0.0,0.0,141.55,DDoS-TCP_Flood,DDoS
0.0,54.46,6.22,64.0,13.314617,13.314617,0.0,1,0,1,0,0,0.98,0.0,0.98,0.0,0.0,1,0,0,0,1,0,0,0,0,1,1,571.37,54.0,56.3,54.286724,0.755525,54.46,83345040.0,9.5,10.419641,1.0707155,5.7662473,0.1,141.55,DDoS-RSTFINFlood,DDoS
0.13651004,362.11,1.49,66.55,18.52174,18.52174,0.0,0,0,0,0,0,0.01,0.11,0.0,0.51,1.04,0,0,0,0,0,0,0,0,1,1,1,9241.25,259.46,1462.12,874.9413,549.40686,840.2,83249064.0,9.5,41.416424,776.9017,323502.5,0.95,141.55,DDoS-ICMP_Fragmentation,DDoS
0.0011099,54.59,6.05,63.94,4.0872755,4.0872755,0.0,1,0,1,0,0,0.97,0.0,0.97,0.0,0.02,0,0,0,0,1,0,0,0,0,1,1,570.46,54.0,57.28,54.20862,0.78852755,54.53,83349320.0,9.5,10.412331,1.1187387,6.046119,0.12,141.55,DDoS-RSTFINFlood,DDoS
80.72172,5440650.5,6.0,198.4,60.79168,60.79168,0.0,0,0,0,0,1,0.0,1.8,0.0,198.2,4898.5,0,1,0,0,1,0,0,0,0,1,1,776.4,66.0,476.7,112.28361,129.28685,205.6,0.013241315,5.5,14.336516,182.8392,55808.953,0.3,38.5,BenignTraffic,Benign
0.05165364,35046.0,16.84,65.91,13562.05,13562.05,0.0,0,0,0,0,0,0.0,0.0,0.0,0.0,0.0,0,0,0,0,0,1,0,0,0,1,1,525.6,50.0,50.6,50.03164,0.13406065,50.2,83012440.0,9.5,10.0032,0.19110414,0.6087685,0.03,141.55,DoS-UDP_Flood,DoS
11.3411,4212.2,8.2,134.0,6.0273666,6.0273666,0.0,0,0,0,0,1,0.2,0.2,0.0,9.6,23.2,0,0,0,0,1,0,0,0,0,1,1,505.0,59.9,163.1,91.86099,35.81121,99.1,0.03631399,5.5,13.533328,50.644703,1556.4977,0.9,38.5,BenignTraffic,Benign
39.129917,1234.7,8.7,93.9,30.65586,30.65586,0.0,0,0,0,0,1,0.1,0.5,0.0,4.6,8.8,0,0,0,0,1,0,0,0,0,1,1,443.0,65.0,124.0,78.6029,19.975677,90.4,0.010790491,5.5,12.521102,28.249874,681.9565,0.9,38.5,BenignTraffic,Benign
0.0005058,2.34,45.93,63.36,341.93857,341.93857,0.0,0,0,0,0,0,0.0,0.0,0.0,0.0,0.0,0,0,0,0,0,0,0,0,0,1,1,5985.6,436.9,586.98,563.5895,50.26714,576.64,83677490.0,9.5,33.47992,71.17689,9266.541,0.29,141.55,Mirai-greeth_flood,Mirai
0.029919226,23125.0,17.0,64.0,15448.367,15448.367,0.0,0,0,0,0,0,0.0,0.0,0.0,0.0,0.0,0,0,0,0,0,1,0,0,0,1,1,525.0,50.0,50.0,50.0,0.0,50.0,83103030.0,9.5,10.0,0.0,0.0,0.0,141.55,DDoS-UDP_Flood,DDoS
7.3278484,12589.6,6.0,146.5,52.27949,52.27949,0.0,0,0,0,0,1,0.6,0.6,0.0,33.4,72.0,0,1,0,0,1,0,0,0,0,1,1,1391.4,54.0,366.0,89.82584,77.077614,78.4,166523920.0,13.5,13.415605,109.196884,5993.5645,1.0,244.6,BenignTraffic,Benign
0.007367291,10325.0,17.0,64.0,28070.158,28070.158,0.0,0,0,0,0,0,0.0,0.0,0.0,0.0,0.0,0,0,0,0,0,1,0,0,0,1,1,525.0,50.0,50.0,50.0,0.0,50.0,83016664.0,9.5,10.0,0.0,0.0,0.0,141.55,DoS-UDP_Flood,DoS
0.0,0.0,1.0,64.0,29.112858,29.112858,0.0,0,0,0,0,0,0.0,0.0,0.0,0.0,0.0,0,0,0,0,0,0,0,0,1,1,1,441.0,42.0,42.0,42.0,0.0,42.0,83128560.0,9.5,9.165152,0.0,0.0,0.0,141.55,DDoS-ICMP_Flood,DDoS
0.8783452,43611.0,6.0,86.5,51.799335,51.799335,0.0,0,0,0,0,1,0.0,2.0,0.0,5.0,44.5,0,1,0,0,1,0,0,0,0,1,1,12955.0,54.0,3704.0,783.19324,1356.1316,2098.0,166430880.0,13.5,38.456833,1904.3579,1909780.4,1.0,244.6,Recon-OSScan,Recon
0.0,54.0,6.0,64.0,299.2725,299.2725,0.0,0,1,0,0,0,0.0,1.0,0.0,0.0,0.0,0,0,0,0,1,0,0,0,0,1,1,567.0,54.0,54.0,54.0,0.0,54.0,82985480.0,9.5,10.392304,0.0,0.0,0.0,141.55,DoS-SYN_Flood,DoS
0.2652338,142.44,6.0,65.74,5.212736,5.212736,0.0,0,1,0,0,0,0.0,1.42,0.43,0.03,0.49,0,0,0,0,1,0,0,0,0,1,1,659.3,54.0,146.3,61.134666,24.352753,61.1,82972424.0,9.5,10.956029,34.493732,4652.227,0.13,141.55,DoS-SYN_Flood,DoS
82.139114,1500541.6,10.4,133.2,22.708048,22.708048,0.0,0,0,0,0,1,0.0,0.6,0.0,112.1,1483.3,0,0,0,0,1,0,0,0,0,1,1,5690.6,54.0,1514.0,372.82278,498.2281,169.9,166522200.0,13.5,27.331545,705.6995,249942.17,1.0,244.6,BenignTraffic,Benign
2.0819185,866231.75,16.73,65.86,744.1616,744.1616,0.0,0,0,0,0,0,0.0,0.0,0.02,0.0,0.02,0,0,0,0,0,1,0,0,0,1,1,5707.64,444.64,554.0,542.461,31.668028,544.16,83762940.0,9.5,32.925694,44.859833,4871.0557,0.22,141.55,Mirai-udpplain,Mirai
14.253198,559.2,15.9,112.8,121863.984,121863.984,0.0,0,0,0,0,0,0.0,0.0,0.0,0.2,0.7,0,0,0,0,0,1,0,0,0,1,1,1559.5,47.6,317.0,101.18974,71.54676,96.1,166517250.0,13.5,14.174991,100.51295,5071.039,1.0,244.6,BenignTraffic,Benign
0.0,54.0,6.0,64.0,56.415623,56.415623,0.0,0,0,0,0,0,0.0,0.0,0.0,0.0,0.0,1,0,0,0,1,0,0,0,0,1,1,567.0,54.0,54.0,54.0,0.0,54.0,83076260.0,9.5,10.392304,0.0,0.0,0.0,141.55,DDoS-TCP_Flood,DDoS
16.870869,939915.9,8.2,198.3,41.286232,41.286232,0.0,0,0,0,0,1,0.0,0.0,0.0,43.6,899.0,0,1,0,0,1,0,0,0,0,1,1,1363.4,60.0,237.7,86.67303,47.788063,125.5,166518930.0,13.5,13.142303,67.8888,2759.389,1.0,244.6,BenignTraffic,Benign
0.0,54.04,6.11,64.0,2763.2483,2763.2483,0.0,0,0,0,0,0,0.0,0.0,0.0,0.0,0.0,0,0,0,0,1,0,0,0,0,1,1,567.8,54.04,54.8,54.14391,0.2382795,54.04,82942880.0,9.5,10.406052,0.33728084,0.32063007,0.19,141.55,DoS-TCP_Flood,DoS
0.0,0.0,47.0,64.0,0.7278267,0.7278267,0.0,0,0,0,0,0,0.0,0.0,0.0,0.0,0.0,0,0,0,0,0,0,0,0,0,1,1,6216.0,592.0,592.0,592.0,0.0,592.0,83681310.0,9.5,34.4093,0.0,0.0,0.0,141.55,Mirai-greeth_flood,Mirai
0.0,0.0,47.0,64.0,6.5790734,6.5790734,0.0,0,0,0,0,0,0.0,0.0,0.0,0.0,0.0,0,0,0,0,0,0,0,0,0,1,1,6216.0,592.0,592.0,592.0,0.0,592.0,83702790.0,9.5,34.4093,0.0,0.0,0.0,141.55,Mirai-greeth_flood,Mirai
13.426821,234953.8,7.1,97.0,105.6922,105.6922,0.0,0,0,0,0,1,0.0,1.6,0.0,61.2,276.7,0,1,0,0,1,0,0,0,0,1,1,4266.2,59.6,1079.6,588.033,488.2372,934.0,0.002905416,5.5,31.392214,690.4717,340666.56,0.8,38.5,BenignTraffic,Benign
68.62217,365492.0,8.2,101.4,31.08348,31.08348,0.0,0,0,0,0,1,0.0,0.6,0.0,429.5,1100.5,0,1,0,0,1,0,0,0,0,1,1,1807.8,84.0,752.6,260.33038,230.0883,703.4,0.028335094,5.5,21.840313,325.39398,141155.47,0.9,38.5,BenignTraffic,Benign
0.23502526,709531.4,6.0,87.6,3149.2854,3149.2854,0.0,0,0,0,0,1,0.0,0.0,0.0,79.6,740.2,1,0,0,0,1,0,0,0,0,1,1,3822.6,94.0,1889.2,549.64746,696.8477,920.4,7.8e-05,5.5,30.94522,985.49146,715135.25,0.7,38.5,BenignTraffic,Benign
59.363464,1804.4,8.8,155.3,0.34737787,0.34737787,0.0,0,0,0,0,0,0.0,0.3,0.0,7.8,12.9,0,0,0,0,1,0,0,0,0,1,1,2095.6,66.0,357.0,136.25581,97.62062,109.3,166521580.0,13.5,16.471151,137.97556,9553.765,1.0,244.6,BenignTraffic,Benign
67.04888,2818419.2,4.3,85.1,33.462437,33.462437,0.0,0,0,0,0,1,0.0,0.0,0.0,107.3,2634.5,0,0,0,0,1,0,0,0,0,1,1,1675.4,58.1,948.8,211.18028,294.8591,645.9,0.0297817,5.5,18.096922,416.99374,277085.78,0.9,38.5,BenignTraffic,Benign
0.16616923,93225.0,17.0,64.0,11220.058,11220.058,0.0,0,0,0,0,0,0.0,0.0,0.0,0.0,0.0,0,0,0,0,0,1,0,0,0,1,1,525.0,50.0,50.0,50.0,0.0,50.0,83123490.0,9.5,10.0,0.0,0.0,0.0,141.55,DDoS-UDP_Flood,DDoS
0.0,54.0,6.0,64.0,1.3320242,1.3320242,0.0,0,0,0,1,1,0.0,0.0,0.0,1.0,1.0,0,0,0,0,1,0,0,0,0,1,1,567.0,54.0,54.0,54.0,0.0,54.0,83331700.0,9.5,10.392304,0.0,0.0,0.0,141.55,DDoS-PSHACK_Flood,DDoS
82.61348,251523.0,7.1,97.3,32.424015,32.424015,0.0,0,0,0,0,1,0.1,0.6,0.0,303.4,757.6,0,0,0,0,1,0,0,0,0,1,1,12117.7,54.0,1999.0,806.0936,727.52716,115.9,166524210.0,13.5,40.100883,1029.7646,530313.1,1.0,244.6,BenignTraffic,Benign
29.334677,405438.7,6.5,74.2,32.199173,32.199173,0.0,0,0,0,0,1,0.0,0.8,0.0,97.3,503.9,0,1,0,0,1,0,0,0,0,1,1,1920.5,54.0,682.4,247.10559,267.0565,660.5,0.012744617,5.5,20.152477,377.6749,157343.62,0.9,38.5,BenignTraffic,Benign
0.0,0.0,47.0,64.0,0.5000082,0.5000082,0.0,0,0,0,0,0,0.0,0.0,0.0,0.0,0.0,0,0,0,0,0,0,0,0,0,1,1,6069.0,578.0,578.0,578.0,0.0,578.0,83581530.0,9.5,34.0,0.0,0.0,0.0,141.55,Mirai-greip_flood,Mirai
0.0,54.0,6.0,64.0,2.036691,2.036691,0.0,0,0,0,1,1,0.0,0.0,0.0,1.0,1.0,0,0,0,0,1,0,0,0,0,1,1,567.0,54.0,54.0,54.0,0.0,54.0,83314040.0,9.5,10.392304,0.0,0.0,0.0,141.55,DDoS-PSHACK_Flood,DDoS
31.653397,3103.6,7.1,87.2,33.77455,33.77455,0.0,0,0,0,0,1,0.0,1.0,0.0,13.6,21.6,0,1,0,0,1,0,0,0,0,1,1,863.6,87.2,328.6,163.51611,80.431305,131.8,0.006523895,5.5,18.038671,113.74705,8317.83,0.9,38.5,BenignTraffic,Benign
66.87103,1678153.9,7.1,166.7,39.84505,39.84505,0.0,0,0,0,0,1,0.0,1.2,0.0,182.1,1787.5,0,1,0,0,1,0,0,0,0,1,1,1306.4,66.0,196.1,82.28752,35.813416,121.3,166520940.0,13.5,12.8082695,50.82316,1709.8632,1.0,244.6,BenignTraffic,Benign
14.99791,1848979.4,6.0,164.2,111.44879,111.44879,0.0,0,0,0,0,1,0.0,2.0,0.0,49.0,1670.5,0,1,0,0,1,0,0,0,0,1,1,17385.4,66.0,1514.0,1136.4227,621.88544,645.2,166517810.0,13.5,47.57613,880.82465,394297.47,1.0,244.6,BenignTraffic,Benign
1.416409,11402.4,5.4,90.8,25.9862,25.9862,0.0,0,0,0,0,1,0.0,1.2,0.0,8.7,31.4,0,1,0,0,1,0,0,0,0,1,1,2631.0,62.4,1021.3,160.4481,230.8119,505.8,166520110.0,13.5,16.985516,274.63416,54502.926,1.0,244.6,BenignTraffic,Benign
8.290418,19880.5,11.5,83.1,27.55283,27.55283,0.0,0,0,0,0,0,0.1,0.5,0.0,14.9,32.1,0,0,0,0,0,0,0,0,0,1,1,401.5,50.0,104.1,68.621666,17.615349,77.0,0.005424285,5.5,11.685378,24.911865,414.03397,0.9,38.5,BenignTraffic,Benign
2.6201887,1779402.2,16.89,65.67,1244.2218,1244.2218,0.0,0,0,0,0,0,0.0,0.0,0.0,0.0,0.01,0,0,0,0,0,1,0,0,0,1,1,5922.6,554.0,659.6,561.3802,26.735775,563.6,83711496.0,9.5,33.502464,37.882755,6587.0195,0.11,141.55,Mirai-udpplain,Mirai
9.23463,11084.0,6.6,60.1,26.149109,26.149109,0.0,0,0,0,0,1,0.0,1.4,0.0,28.4,61.7,0,1,0,0,1,0,0,0,0,1,1,589.4,81.0,312.0,134.31659,88.36038,97.9,0.009440398,5.5,16.012028,124.96045,8888.732,0.9,38.5,BenignTraffic,Benign
11.042999,286954.0,5.5,72.3,38.431545,38.431545,0.0,0,0,0,0,1,0.1,1.6,0.0,58.6,365.1,0,1,0,0,1,0,0,0,0,1,1,5575.1,54.0,1276.8,343.29193,409.93304,684.4,166519440.0,13.5,26.005816,580.4441,177596.94,1.0,244.6,BenignTraffic,Benign
0.0,54.0,6.0,64.0,468.90976,468.90976,0.0,0,0,0,1,1,0.0,0.0,0.0,1.0,1.0,0,0,0,0,1,0,0,0,0,1,1,567.0,54.0,54.0,54.0,0.0,54.0,83331310.0,9.5,10.392304,0.0,0.0,0.0,141.55,DDoS-PSHACK_Flood,DDoS
2.3975987,78.3,6.0,64.0,0.3753882,0.3753882,0.0,0,0,0,1,1,0.0,0.0,0.0,1.45,1.45,0,0,0,0,1,0,0,0,0,1,1,567.0,54.0,54.0,54.0,0.0,54.0,83314070.0,9.5,10.392304,0.0,0.0,0.0,141.55,DDoS-PSHACK_Flood,DDoS
0.3637553,104.76,6.0,64.0,4.850219,4.850219,0.0,0,1,0,0,0,0.0,1.94,0.0,0.0,0.0,1,0,0,0,1,0,0,0,0,1,1,567.0,54.0,54.0,54.0,0.0,54.0,83362250.0,9.5,10.392304,0.0,0.0,0.0,141.55,DDoS-SynonymousIP_Flood,DDoS
61.33233,136602.2,7.1,80.6,13.442339,13.442339,0.0,0,0,0,0,1,0.0,0.6,0.0,350.7,752.6,0,0,0,0,1,0,0,0,0,1,1,12506.8,54.0,2882.0,823.149,844.0302,526.0,166518560.0,13.5,40.590885,1194.8596,714606.2,1.0,244.6,BenignTraffic,Benign
0.2999808,1099551.6,6.0,87.6,3902.0435,3902.0435,0.0,0,0,0,0,1,0.0,0.0,0.0,213.7,1170.6,1,0,0,0,1,0,0,0,0,1,1,14372.2,94.0,2858.0,940.97406,974.285,641.2,166520200.0,13.5,43.261597,1379.6659,953096.1,1.0,244.6,BenignTraffic,Benign
1.1120213,300237.1,16.55,63.12,176.17125,176.17125,0.0,0,0,0,0,0,0.0,0.12,0.0,0.0,0.07,0,0,0,0,0,0,0,0,0,1,1,9475.3,284.46,1464.9,889.80066,547.35846,900.36,83370500.0,9.5,41.86603,773.7857,317168.9,0.95,141.55,DDoS-UDP_Fragmentation,DDoS
0.0,53.46,5.94,63.36,7.757626,7.757626,0.0,1,0,1,0,0,0.99,0.0,0.99,0.0,0.0,0,0,0,0,1,0,0,0,0,1,1,567.96,54.0,54.96,54.090866,0.27315423,54.06,83348280.0,9.5,10.401036,0.38675252,0.48391765,0.16,141.55,DDoS-RSTFINFlood,DDoS
0.0,54.0,6.0,64.0,39.42367,39.42367,0.0,1,0,1,0,0,1.0,0.0,1.0,0.0,0.0,0,0,0,0,1,0,0,0,0,1,1,567.0,54.0,54.0,54.0,0.0,54.0,83348110.0,9.5,10.392304,0.0,0.0,0.0,141.55,DDoS-RSTFINFlood,DDoS
4.331955,401567.8,6.0,113.9,80.33182,80.33182,0.0,0,0,0,0,1,0.0,0.0,0.0,22.4,397.7,0,1,0,0,1,0,0,0,0,1,1,4732.1,66.0,1369.2,836.04266,611.7904,655.9,0.008799291,5.5,39.589806,865.2023,417736.97,0.9,38.5,BenignTraffic,Benign
15.6198635,818167.5,10.4,120.8,42.10151,42.10151,0.0,0,0,0,0,1,0.0,0.0,0.0,72.6,852.5,0,1,0,0,1,0,0,0,0,1,1,25482.6,54.0,4410.0,1683.8788,1184.5355,821.0,166525300.0,13.5,58.035954,1674.588,1403700.9,1.0,244.6,BenignTraffic,Benign
49.499477,1460955.4,4.8,83.6,35.447563,35.447563,0.0,0,0,0,0,1,0.0,0.0,0.0,224.0,1682.5,0,1,0,0,1,0,0,0,0,1,1,2699.2,60.6,1597.6,169.60869,367.22205,272.0,166518960.0,13.5,18.188482,520.7316,165601.67,1.0,244.6,BenignTraffic,Benign
0.058631457,87208.27,17.0,65.91,3046.9949,3046.9949,0.0,0,0,0,0,0,0.0,0.0,0.0,0.0,0.0,0,0,0,0,0,1,0,0,0,1,1,5802.54,539.54,554.0,553.1657,3.3670175,551.59,83763360.0,9.5,33.261215,4.7799225,190.7214,0.06,141.55,Mirai-udpplain,Mirai
8.265194,718.6,9.6,88.81,140361.31,140361.31,0.0,0,0,0,0,0,0.22,0.38,0.4,1.32,2.45,0,0,0,0,0,0,0,0,0,1,1,1028.33,60.06,192.38,97.1784,40.446976,103.35,83581590.0,9.5,13.80039,56.19622,2219.6074,0.94,141.55,Mirai-greip_flood,Mirai
0.061480597,36.38,46.59,65.71,1.356747,1.356747,0.0,0,0,0,0,0,0.0,0.03,0.0,0.01,0.08,0,0,0,0,0,0,0,0,0,1,1,6143.88,578.0,652.88,582.6288,17.981602,587.36,83573900.0,9.5,34.13353,25.50067,4080.013,0.08,141.55,Mirai-greip_flood,Mirai
14.089324,25122.32,6.11,65.75,1.8017998,1.8017998,0.0,0,0,0,0,1,0.08,5.44,0.18,2.99,26.9,1,0,0,0,1,0,0,0,0,1,1,1676.88,65.0,701.82,135.0618,172.33582,223.51,82999420.0,9.5,15.443275,242.09863,94146.016,0.43,141.55,DoS-HTTP_Flood,DoS
31.501078,1628507.2,6.6,128.3,44.862514,44.862514,0.0,0,0,0,0,1,0.0,0.0,0.0,111.1,1673.6,0,1,0,0,1,0,0,0,0,1,1,3083.6,342.0,1514.0,758.97705,506.65372,357.0,0.009422803,5.5,37.678078,716.5166,316089.06,0.9,38.5,BenignTraffic,Benign
0.0,54.0,6.0,64.0,6.339592,6.339592,0.0,0,1,0,0,0,0.0,1.0,0.0,0.0,0.0,0,0,0,0,1,0,0,0,0,1,1,567.0,54.0,54.0,54.0,0.0,54.0,83094150.0,9.5,10.392304,0.0,0.0,0.0,141.55,DDoS-SYN_Flood,DDoS
3.11365,156.68,6.0,63.56,1.0625947,1.0625947,0.0,0,1,0,0,0,0.0,2.26,0.0,0.1,0.17,0,0,0,0,1,0,0,0,0,1,1,567.0,54.0,54.0,54.0,0.0,54.0,83365350.0,9.5,10.392304,0.0,0.0,0.0,141.55,DDoS-SynonymousIP_Flood,DDoS
16.845472,67952.8,8.2,93.5,43.58538,43.58538,0.0,0,0,0,0,1,0.0,1.7,0.0,34.9,86.8,0,1,0,0,1,0,0,0,0,1,1,5804.2,622.0,2992.0,1452.7012,1050.5428,638.4,0.005373812,5.5,51.93813,1485.692,1368955.9,0.9,38.5,BenignTraffic,Benign
0.0,54.0,6.0,64.0,3.0889854,3.0889854,0.0,1,0,1,0,0,1.0,0.0,1.0,0.0,0.0,0,0,0,0,1,0,0,0,0,1,1,567.0,54.0,54.0,54.0,0.0,54.0,83344290.0,9.5,10.392304,0.0,0.0,0.0,141.55,DDoS-RSTFINFlood,DDoS
0.0,54.0,6.0,64.0,26.60356,26.60356,0.0,0,1,0,0,0,0.0,1.0,0.0,0.0,0.0,0,0,0,0,1,0,0,0,0,1,1,567.0,54.0,54.0,54.0,0.0,54.0,83361416.0,9.5,10.392304,0.0,0.0,0.0,141.55,DDoS-SynonymousIP_Flood,DDoS
4.9306545,108.0,6.0,64.0,0.40562585,0.40562585,0.0,0,0,0,0,0,0.0,0.0,0.0,0.0,0.0,0,0,0,0,1,0,0,0,0,1,1,567.0,54.0,54.0,54.0,0.0,54.0,82951560.0,9.5,10.392304,0.0,0.0,0.0,141.55,DoS-TCP_Flood,DoS
62.42078,613242.9,7.6,82.9,23.050339,23.050339,0.0,0,0,0,0,1,0.3,0.5,0.0,562.4,1233.3,0,1,0,0,1,0,0,0,0,1,1,4227.4,61.8,929.0,274.985,270.5473,195.3,166516940.0,13.5,23.48241,383.10184,73488.21,1.0,244.6,BenignTraffic,Benign
9.044004,546148.0,6.0,198.0,63.21441,63.21441,0.0,0,0,0,0,1,0.0,0.0,0.0,42.3,572.1,0,1,0,0,1,0,0,0,0,1,1,1086.0,66.0,129.0,69.75845,14.891778,75.0,166521360.0,13.5,11.8117695,21.128273,319.70535,0.7,244.6,BenignTraffic,Benign
4.140069,450.45,6.0,64.0,0.5728174,0.5728174,0.0,0,1,0,0,0,0.0,1.94,0.0,0.27,0.63,0,0,0,0,1,0,0,0,0,1,1,653.04,54.0,136.08,63.959152,24.751104,58.8,82972710.0,9.5,11.155848,35.037563,3606.0447,0.18,141.55,DoS-SYN_Flood,DoS
0.06262337,45575.0,17.0,64.0,14552.27,14552.27,0.0,0,0,0,0,0,0.0,0.0,0.0,0.0,0.0,0,0,0,0,0,1,0,0,0,1,1,525.0,50.0,50.0,50.0,0.0,50.0,83033290.0,9.5,10.0,0.0,0.0,0.0,141.55,DoS-UDP_Flood,DoS
69.21264,4170359.8,6.1,64.0,41.11616,41.11616,0.0,0,0,0,0,1,0.0,0.0,0.0,156.2,4001.7,0,1,0,0,1,0,0,0,0,1,1,4205.0,159.0,1057.6,631.80554,369.45758,1024.0,0.014568019,5.5,34.698425,522.4919,211378.97,0.9,38.5,BenignTraffic,Benign
0.69276327,525.12,6.0,64.0,4.527818,4.527818,0.0,0,1,0,0,0,0.0,1.82,0.53,0.17,1.41,0,0,0,0,1,0,0,0,0,1,1,656.52,54.6,131.36,59.79822,18.288506,65.68,82972390.0,9.5,10.8918915,25.928995,2570.0476,0.29,141.55,DoS-SYN_Flood,DoS
0.0,54.0,6.0,64.0,1.1602404,1.1602404,0.0,0,1,0,0,0,0.0,1.0,0.0,0.0,0.0,1,0,0,0,1,0,0,0,0,1,1,567.0,54.0,54.0,54.0,0.0,54.0,83089240.0,9.5,10.392304,0.0,0.0,0.0,141.55,DDoS-SYN_Flood,DDoS
40.780117,87229.3,7.1,96.8,18.457258,18.457258,0.0,0,0,0,0,1,0.7,1.1,0.0,254.2,532.7,0,0,0,0,1,0,0,0,0,1,1,450.0,70.7,120.6,83.35337,16.881174,80.5,0.015551615,5.5,12.903157,23.873585,387.8118,0.9,38.5,BenignTraffic,Benign
43.401493,36815.9,8.2,82.3,11.13253,11.13253,0.0,0,0,0,0,1,0.1,0.5,0.0,94.6,203.0,0,0,0,0,1,0,0,0,0,1,1,1508.5,60.0,262.0,97.0938,57.11118,93.2,166518640.0,13.5,13.939787,80.943825,3279.6746,1.0,244.6,BenignTraffic,Benign
6.1422668,514885.4,6.0,131.2,39.373768,39.373768,0.0,0,0,0,0,1,0.0,2.0,0.1,17.6,484.3,0,1,0,0,1,0,0,0,0,1,1,367.2,66.0,70.2,66.59194,1.4473156,66.7,0.006388783,5.5,11.540445,2.0468132,3.5254436,0.6,38.5,BenignTraffic,Benign
0.0,54.0,6.0,64.0,31.648556,31.648556,0.0,0,0,0,0,0,0.0,0.0,0.0,0.0,0.0,0,0,0,0,1,0,0,0,0,1,1,567.0,54.0,54.0,54.0,0.0,54.0,83067570.0,9.5,10.392304,0.0,0.0,0.0,141.55,DDoS-TCP_Flood,DDoS
0.0,0.0,1.0,64.0,33.986523,33.986523,0.0,0,0,0,0,0,0.0,0.0,0.0,0.0,0.0,0,0,0,0,0,0,0,0,1,1,1,441.0,42.0,42.0,42.0,0.0,42.0,83129000.0,9.5,9.165152,0.0,0.0,0.0,141.55,DDoS-ICMP_Flood,DDoS
12.933793,6569.8,14.8,87.7,6.0195355,6.0195355,0.0,0,0,0,0,0,0.2,0.2,0.0,11.5,25.3,0,0,0,0,0,1,0,0,0,1,1,1174.8,50.0,185.6,75.46011,36.1347,77.6,166517100.0,13.5,12.293895,51.198154,1366.0997,1.0,244.6,BenignTraffic,Benign
0.0,741.86,5.94,63.36,6.040963,6.040963,0.0,0,0,0,0,0,0.0,0.0,0.0,0.0,0.49,0,0,0,0,0,0,0,0,0,1,1,9653.76,366.56,1468.4,901.6142,539.4201,929.46,83335520.0,9.5,42.30821,762.84235,306366.16,0.95,141.55,DDoS-ACK_Fragmentation,DDoS
162.24185,7369.5,14.8,100.6,9.136685,9.136685,0.0,0,0,0,0,0,0.0,0.0,0.0,38.4,58.0,0,0,0,0,0,1,0,0,0,1,1,387.3,48.4,110.2,66.97444,21.343258,83.1,0.034994293,5.5,11.544801,30.183926,761.599,0.9,38.5,BenignTraffic,Benign
138.83849,22733.1,11.0,163.2,26.930986,26.930986,0.0,0,0,0,0,0,0.0,0.3,0.0,63.0,132.2,0,0,0,0,0,0,0,0,0,1,1,1719.9,54.0,230.0,110.305466,60.463867,128.8,166609730.0,13.5,14.810691,85.03073,3621.314,1.0,244.6,MITM-ArpSpoofing,Spoofing
71.3482,1065694.8,8.2,221.7,44.078106,44.078106,0.0,0,0,0,0,1,0.0,1.0,0.0,156.0,1225.3,0,1,0,0,1,0,0,0,0,1,1,1254.6,66.0,177.9,79.354866,32.20271,114.7,166522380.0,13.5,12.587473,45.662518,1328.4911,0.8,244.6,BenignTraffic,Benign
65.519104,2883852.8,6.0,63.6,54.236153,54.236153,0.0,0,0,0,0,1,0.0,1.6,0.0,177.2,2914.9,0,1,0,0,1,0,0,0,0,1,1,14196.2,66.0,1514.0,896.4392,664.00775,1244.1,166522860.0,13.5,42.366283,936.5036,438627.12,1.0,244.6,BenignTraffic,Benign
2.8437436,153532.3,7.1,99.9,62.89059,62.89059,0.0,0,0,0,0,1,0.0,1.6,0.0,9.3,145.3,0,1,0,0,1,0,0,0,0,1,1,9622.0,66.0,1494.0,608.9444,629.7459,794.8,166520660.0,13.5,34.851406,891.2841,399408.75,1.0,244.6,BenignTraffic,Benign
0.00051934,55.1,6.11,64.58,30.802319,30.802319,0.0,0,0,0,0,0,0.0,0.0,0.0,0.0,0.0,0,1,0,0,1,0,0,0,0,1,1,568.08,54.0,55.08,54.056946,0.24130917,54.36,83076370.0,9.5,10.397827,0.34398746,1.97241,0.03,141.55,DDoS-TCP_Flood,DDoS
1.8152654,4086.1,6.6,85.5,15.25748,15.25748,0.0,0,0,0,0,1,0.4,0.4,0.0,12.7,28.1,0,1,0,0,1,0,0,0,0,1,1,417.7,54.0,118.0,70.43869,22.452154,85.5,0.019540405,5.5,11.827475,31.752142,759.5702,0.8,38.5,BenignTraffic,Benign
1.5293798,512990.2,6.0,80.8,237.02127,237.02127,0.0,0,0,0,0,1,0.0,2.0,0.0,17.0,361.5,0,1,0,0,1,0,0,0,0,1,1,34906.2,500.4,7595.6,2224.6282,1595.7843,3106.8,166522180.0,13.5,66.692345,2265.8916,3068969.5,1.0,244.6,BenignTraffic,Benign
1.2617863,237.6,6.0,64.0,4.0326333,4.0326333,0.0,0,1,0,0,0,0.0,4.4,0.0,0.0,0.0,0,1,0,0,1,0,0,0,0,1,1,567.0,54.0,54.0,54.0,0.0,54.0,83365530.0,9.5,10.392304,0.0,0.0,0.0,141.55,DDoS-SynonymousIP_Flood,DDoS
0.45297027,1550287.4,6.0,99.4,3719.2026,3719.2026,0.0,0,0,0,0,1,0.0,0.0,0.0,272.6,1684.7,1,0,0,0,1,0,0,0,0,1,1,13495.4,66.0,2858.0,871.54175,846.9211,1054.4,166520200.0,13.5,41.659863,1198.9102,719536.94,1.0,244.6,BenignTraffic,Benign
0.0,54.0,6.0,64.0,2.0681338,2.0681338,0.0,0,1,0,0,0,0.0,1.0,0.0,0.0,0.0,0,0,0,0,1,0,0,0,0,1,1,567.0,54.0,54.0,54.0,0.0,54.0,82977250.0,9.5,10.392304,0.0,0.0,0.0,141.55,DoS-SYN_Flood,DoS
0.0,0.0,46.54,65.91,13.652067,13.652067,0.0,0,0,0,0,0,0.0,0.0,0.0,0.0,0.0,0,0,0,0,0,0,0,0,0,1,1,6023.28,532.28,578.0,575.06445,11.163283,572.92,83647256.0,9.5,33.91197,15.825717,1398.9463,0.09,141.55,Mirai-greip_flood,Mirai
4.2190566,108.0,6.0,64.0,0.47403964,0.47403964,0.0,0,0,0,0,0,0.0,0.0,0.0,0.0,0.0,0,0,0,0,1,0,0,0,0,1,1,567.0,54.0,54.0,54.0,0.0,54.0,82943390.0,9.5,10.392304,0.0,0.0,0.0,141.55,DoS-TCP_Flood,DoS
12.527793,1294344.0,6.0,231.0,94.789246,94.789246,0.0,0,0,0,0,1,0.0,2.0,0.0,53.0,1186.5,0,1,0,0,1,0,0,0,0,1,1,16072.0,60.0,7791.0,1072.4341,1975.5931,66.0,166524740.0,13.5,46.223232,2799.2124,3935752.0,1.0,244.6,BenignTraffic,Benign
28.272573,8048280.0,6.0,56.0,221.64589,221.64589,0.0,0,0,0,1,1,0.0,0.0,0.0,2256.6,6266.5,0,1,0,0,1,0,0,0,0,1,1,29114.2,66.0,2962.0,1860.9221,1100.4329,2382.8,166612640.0,13.5,61.019436,1559.3478,1217199.9,1.0,244.6,MITM-ArpSpoofing,Spoofing
0.0,54.0,6.0,64.0,381.54315,381.54315,0.0,1,0,1,0,0,1.0,0.0,1.0,0.0,0.0,1,0,0,0,1,0,0,0,0,1,1,567.0,54.0,54.0,54.0,0.0,54.0,83345040.0,9.5,10.392304,0.0,0.0,0.0,141.55,DDoS-RSTFINFlood,DDoS
3.3535147,108.0,6.0,64.0,6.562831,6.562831,0.0,0,1,0,0,0,0.0,2.0,0.0,0.0,0.0,0,0,0,0,1,0,0,0,0,1,1,567.0,54.0,54.0,54.0,0.0,54.0,83361110.0,9.5,10.392304,0.0,0.0,0.0,141.55,DDoS-SynonymousIP_Flood,DDoS
11.181745,278499.4,7.1,57.9,138.4216,138.4216,0.0,0,0,0,0,1,0.0,1.8,0.0,11.7,180.9,0,1,0,0,1,0,0,0,0,1,1,10351.9,1366.9,2817.2,1901.0525,609.3182,1656.5,0.000648594,5.5,61.57695,861.706,415122.8,0.9,38.5,BenignTraffic,Benign
28.478752,937959.4,8.2,202.6,64.337524,64.337524,0.0,0,0,0,0,1,0.0,1.2,0.0,142.9,1071.6,0,1,0,0,1,0,0,0,0,1,1,2187.2,66.0,798.0,140.99947,193.90642,127.5,166520900.0,13.5,16.807829,274.76758,37885.746,1.0,244.6,BenignTraffic,Benign
1.92e-05,1.74,46.18,67.58,655.7804,655.7804,0.0,0,0,0,0,0,0.0,0.03,0.0,0.0,0.01,0,0,0,0,0,0,0,0,0,1,1,6189.3,575.98,592.0,590.60724,4.4639926,581.32,83681144.0,9.5,34.36708,6.365088,686.7548,0.03,141.55,Mirai-greeth_flood,Mirai
71.74341,4812179.5,5.4,207.9,62.23883,62.23883,0.0,0,0,0,0,1,0.0,0.0,0.0,175.5,4464.9,0,1,0,0,1,0,0,0,0,1,1,1022.4,65.4,66.0,65.97,0.13076697,65.4,166521010.0,13.5,11.489125,0.0,0.0,0.0,244.6,BenignTraffic,Benign
0.13346644,179.94,6.0,64.0,4.9453635,4.9453635,0.0,0,1,0,0,0,0.0,1.22,0.11,0.0,0.33,0,0,0,0,1,0,0,0,0,1,1,1254.16,84.56,139.2,117.467384,24.524033,122.52,83089450.0,9.5,15.000516,34.680016,1306.5524,0.52,141.55,DDoS-SYN_Flood,DDoS
3.6154046,13585.77,6.05,65.71,4.644151,4.644151,0.0,0,0,0,0,1,0.23,3.21,2.18,5.51,12.95,1,0,0,0,1,0,0,0,0,1,1,2546.78,84.6,1160.78,257.2545,328.87897,305.38,82999210.0,9.5,19.378494,462.51312,267621.3,0.8,141.55,DoS-HTTP_Flood,DoS
14.6131315,41790.7,6.0,97.1,15.318976,15.318976,0.0,0,0,0,0,1,0.4,1.4,0.0,100.4,216.0,0,1,0,0,1,0,0,0,0,1,1,1683.7,66.0,1309.5,243.53151,415.47177,323.0,0.010281515,5.5,20.743832,587.5658,321422.88,0.9,38.5,BenignTraffic,Benign
0.17030692,26.58,40.66,67.16,231.42993,231.42993,0.0,0,0,0,0,0,0.0,0.12,0.0,0.01,0.07,0,0,0,0,0,0,0,0,0,1,1,5573.27,381.04,562.44,523.9275,65.58053,505.84,83585930.0,9.5,32.069263,92.659035,13034.9375,0.37,141.55,Mirai-greip_flood,Mirai
23.920795,2230089.0,6.0,64.0,83.0867,83.0867,0.0,0,0,0,0,1,0.0,2.0,0.0,73.0,1986.5,0,1,0,0,1,0,0,0,0,1,1,8327.0,1514.0,1514.0,1514.0,0.0,1514.0,0.000427818,5.5,55.027267,0.0,0.0,0.0,38.5,BenignTraffic,Benign
14.587984,1544754.6,6.0,181.6,92.16487,92.16487,0.0,0,0,0,0,1,0.0,2.0,0.0,51.0,1343.5,0,1,0,0,1,0,0,0,0,1,1,11448.6,66.0,1803.6,752.42303,751.23224,790.0,166522600.0,13.5,38.196003,1009.3154,509443.62,1.0,244.6,BenignTraffic,Benign
0.040721342,23611.0,17.0,64.0,19335.9,19335.9,0.0,0,0,0,0,0,0.0,0.0,0.0,0.0,0.0,0,0,0,0,0,1,0,0,0,1,1,525.0,50.0,50.0,50.0,0.0,50.0,83495224.0,9.5,10.0,0.0,0.0,0.0,141.55,DDoS-UDP_Flood,DDoS
7.1418366,726247.4,6.0,64.0,77.84852,77.84852,0.0,0,0,0,0,1,0.0,1.6,0.0,22.0,641.7,0,1,0,0,1,0,0,0,0,1,1,8182.2,790.0,2962.0,1762.8032,902.4497,1224.4,0.001117396,5.5,58.649963,1276.2566,945099.9,0.9,38.5,BenignTraffic,Benign
49.77983,3471269.2,8.2,197.6,68.17529,68.17529,0.0,0,0,0,0,1,0.0,0.0,0.0,133.6,3393.2,0,1,0,0,1,0,0,0,0,1,1,357.0,62.0,66.0,65.37778,1.4285394,62.0,0.001305103,5.5,11.434258,2.0202599,10.350617,0.2,38.5,BenignTraffic,Benign
0.0,54.0,6.0,64.0,1.749989,1.749989,0.0,0,0,0,1,1,0.0,0.0,0.0,1.0,1.0,0,0,0,0,1,0,0,0,0,1,1,567.0,54.0,54.0,54.0,0.0,54.0,83314530.0,9.5,10.392304,0.0,0.0,0.0,141.55,DDoS-PSHACK_Flood,DDoS
0.0,0.0,0.99,63.36,3.546046,3.546046,0.0,0,0,0,0,0,0.0,0.0,0.0,0.0,0.0,0,0,0,0,0,0,0,0,1,1,1,444.42,42.0,45.42,42.467594,1.0722578,42.18,83124020.0,9.5,9.215049,1.5177639,6.4927588,0.19,141.55,DDoS-ICMP_Flood,DDoS
20.17731,537947.6,5.4,86.4,21.481739,21.481739,0.0,0,0,0,0,1,0.0,0.4,0.0,24.9,531.5,0,0,0,0,1,0,0,0,0,1,1,1103.9,68.0,463.4,171.19298,139.88025,399.5,0.013059497,5.5,18.03288,197.82054,53326.332,0.9,38.5,BenignTraffic,Benign
0.07070232,59.14,5.94,67.0,1.2801242,1.2801242,0.0,0,0,0,1,1,0.0,0.1,0.0,0.97,1.03,0,1,0,0,1,0,0,0,0,1,1,568.52,54.0,55.06,54.085354,0.25154164,54.3,83332160.0,9.5,10.400534,0.3572002,1.1524955,0.06,141.55,DDoS-PSHACK_Flood,DDoS
9.647345,955323.4,7.1,166.6,136.62769,136.62769,0.0,0,0,0,0,1,0.0,1.8,0.0,24.8,780.3,0,1,0,0,1,0,0,0,0,1,1,12384.2,66.0,2962.0,813.17114,875.904,533.8,166521010.0,13.5,40.36023,1240.0634,769948.44,1.0,244.6,BenignTraffic,Benign
10.466819,1008582.3,6.0,215.2,86.17725,86.17725,0.0,0,0,0,0,1,0.0,0.0,0.0,25.8,903.5,0,1,0,0,1,0,0,0,0,1,1,374.0,66.0,77.0,67.1,3.3,77.0,0.001286316,5.5,11.581181,4.666905,108.9,0.1,38.5,BenignTraffic,Benign
41.824883,931936.0,8.2,170.8,61.1339,61.1339,0.0,0,0,0,0,1,0.3,1.4,0.0,121.8,1132.4,0,1,0,0,1,0,0,0,0,1,1,835.2,103.5,441.0,187.35051,130.15022,130.9,0.003256798,5.5,18.930468,184.06021,19357.996,0.9,38.5,Recon-OSScan,Recon
0.7918458,36988.9,7.1,82.3,33.1564,33.1564,0.0,0,0,0,0,1,0.0,0.0,0.0,2.1,39.9,0,0,0,0,1,0,0,0,0,1,1,2982.4,66.0,840.5,180.1952,216.37901,675.4,166519460.0,13.5,18.020695,265.1887,55097.242,1.0,244.6,BenignTraffic,Benign
1.1599243,384071.5,9.3,175.3,233.09213,233.09213,0.0,0,0,0,0,1,0.0,0.0,0.0,4.9,331.1,0,1,0,0,1,0,0,0,0,1,1,480.6,52.4,202.0,91.22413,54.75705,78.8,0.004033709,5.5,13.424484,77.43816,3439.187,0.9,38.5,BenignTraffic,Benign
32.94228,1734976.4,4.8,150.9,45.375362,45.375362,0.0,0,0,0,0,1,0.0,0.0,0.0,125.3,1746.6,0,1,0,0,1,0,0,0,0,1,1,2841.6,60.0,1365.0,187.37825,325.0744,73.8,166522960.0,13.5,19.354155,460.64615,106777.31,1.0,244.6,BenignTraffic,Benign
0.12779146,31575.0,17.0,64.0,4940.3574,4940.3574,0.0,0,0,0,0,0,0.0,0.0,0.0,0.0,0.0,0,0,0,0,0,1,0,0,0,1,1,525.0,50.0,50.0,50.0,0.0,50.0,83015816.0,9.5,10.0,0.0,0.0,0.0,141.55,DoS-UDP_Flood,DoS
0.0,0.0,47.0,64.0,1.000057,1.000057,0.0,0,0,0,0,0,0.0,0.0,0.0,0.0,0.0,0,0,0,0,0,0,0,0,0,1,1,6069.0,578.0,578.0,578.0,0.0,578.0,83573760.0,9.5,34.0,0.0,0.0,0.0,141.55,Mirai-greip_flood,Mirai
4.146657,4734880.5,16.89,64.0,2060.0476,2060.0476,0.0,0,0,0,0,0,0.03,0.0,0.0,0.06,0.16,0,0,0,0,0,1,0,0,0,1,1,5763.32,500.32,554.0,550.2484,13.590686,549.12,83711440.0,9.5,33.171646,19.257067,1702.1042,0.11,141.55,Mirai-udpplain,Mirai
0.0,1.05,1.16,64.58,33.00098,33.00098,0.0,0,0,0,0,0,0.0,0.0,0.0,0.0,0.0,0,0,0,0,0,0,0,0,1,1,1,450.45,42.0,51.45,42.828075,2.6161194,42.63,83128390.0,9.5,9.252522,3.7045197,47.001522,0.15,141.55,DDoS-ICMP_Flood,DDoS
0.0,54.0,6.0,64.0,2.4625983,2.4625983,0.0,0,0,0,0,0,0.0,0.0,0.0,0.0,0.0,0,0,0,0,1,0,0,0,0,1,1,567.0,54.0,54.0,54.0,0.0,54.0,83072010.0,9.5,10.392304,0.0,0.0,0.0,141.55,DDoS-TCP_Flood,DDoS
0.0024931,55.12,6.0,64.0,19.072645,19.072645,0.0,0,1,0,0,0,0.0,1.01,0.01,0.0,0.01,1,0,0,0,1,0,0,0,0,1,1,567.0,54.0,54.0,54.0,0.0,54.0,83090070.0,9.5,10.392304,0.0,0.0,0.0,141.55,DDoS-SYN_Flood,DDoS
1.3066912,206311.7,7.1,228.7,189.1068,189.1068,0.0,0,0,0,1,1,0.0,1.8,0.0,65.1,243.4,0,1,0,0,1,0,0,0,0,1,1,9795.0,644.4,2779.2,1853.7715,747.9335,1638.0,0.000151682,5.5,60.701847,1057.7377,635550.1,0.9,38.5,BenignTraffic,Benign
20.604359,1070077.1,5.4,174.8,79.73239,79.73239,0.0,0,0,0,0,1,0.0,1.4,0.0,109.2,1057.5,0,1,0,0,1,0,0,0,0,1,1,465.4,73.0,172.0,96.53968,37.048603,76.0,0.009278393,5.5,13.773423,52.394638,1568.307,0.9,38.5,BenignTraffic,Benign
0.0,54.0,6.0,64.0,35.323727,35.323727,0.0,0,1,0,0,0,0.0,1.0,0.0,0.0,0.0,0,0,0,0,1,0,0,0,0,1,1,567.0,54.0,54.0,54.0,0.0,54.0,83089176.0,9.5,10.392304,0.0,0.0,0.0,141.55,DDoS-SYN_Flood,DDoS
38.619724,46833.3,6.5,79.9,11.693434,11.693434,0.0,0,0,0,0,1,0.0,0.5,0.0,133.6,281.1,0,1,0,0,1,0,0,0,0,1,1,698.9,61.8,265.8,127.174446,87.192635,118.2,0.013789415,5.5,15.849558,123.309006,8513.172,0.9,38.5,BenignTraffic,Benign
8.22022,237000.2,6.0,130.8,138.92487,138.92487,0.0,0,0,0,0,1,0.0,1.6,0.0,54.2,283.5,0,1,0,0,1,0,0,0,0,1,1,5559.8,60.0,1514.0,344.0287,555.74567,654.2,166523580.0,13.5,26.071537,787.4157,315150.12,1.0,244.6,BenignTraffic,Benign
2.8520246,1562152.6,16.2,73.55,1032.8448,1032.8448,0.0,0,0,0,0,0,0.0,0.0,0.0,0.0,0.0,0,0,0,0,0,1,0,0,0,1,1,5381.4,457.2,529.8,497.99136,33.75359,529.8,83784930.0,9.5,31.10759,47.78499,7647.601,0.15,141.55,Mirai-udpplain,Mirai
10.052852,903947.0,6.0,231.0,87.786026,87.786026,0.0,0,0,0,0,1,0.0,2.0,0.0,43.0,881.5,0,1,0,0,1,0,0,0,0,1,1,4502.0,66.0,1999.0,298.66556,576.5226,66.0,166521840.0,13.5,24.413961,816.97974,335709.03,1.0,244.6,BenignTraffic,Benign
1.0006391,131985.3,6.0,64.0,106.52034,106.52034,0.0,0,0,0,0,1,0.0,0.0,0.0,4.2,107.0,0,1,0,0,1,0,0,0,0,1,1,20227.9,66.0,4120.4,1282.2832,1059.4989,1861.1,166522540.0,13.5,50.658253,1496.9094,1137787.9,1.0,244.6,BenignTraffic,Benign
114.519165,7043679.0,6.0,114.4,59.815746,59.815746,0.0,0,0,0,0,1,0.0,0.0,0.0,260.1,6877.5,0,1,0,0,1,0,0,0,0,1,1,18131.7,66.0,1950.5,1176.4634,639.9598,994.3,166526200.0,13.5,48.59801,902.292,407838.53,1.0,244.6,BenignTraffic,Benign
24.69201,270662.5,10.0,179.4,65.29055,65.29055,0.0,0,0,0,0,0,0.0,1.0,0.0,10.0,238.5,0,0,0,0,0,0,0,0,0,1,1,19512.0,119.6,2962.0,1300.2435,884.1332,140.3,166523650.0,13.5,50.914345,1250.3176,787054.06,1.0,244.6,BenignTraffic,Benign
7.8645535,239154.0,8.8,155.8,109.58035,109.58035,0.0,0,0,0,0,1,0.0,0.8,0.0,36.7,247.5,0,1,0,0,1,0,0,0,0,1,1,581.0,66.0,171.6,96.4077,42.34217,118.6,0.007333589,5.5,13.805169,59.880875,2572.817,0.9,38.5,BenignTraffic,Benign
11.854112,132675.3,7.1,136.8,69.62634,69.62634,0.0,0,0,0,0,1,0.0,0.7,0.0,99.6,295.8,0,1,0,0,1,0,0,0,0,1,1,545.1,74.1,159.0,100.03932,29.857265,108.1,0.011148119,5.5,14.124917,42.22455,1205.0188,0.9,38.5,BenignTraffic,Benign
0.08099373,280382.0,6.0,99.4,3582.0542,3582.0542,0.0,0,0,0,0,1,0.0,0.0,0.0,51.5,290.2,1,0,0,0,1,0,0,0,0,1,1,18069.4,66.0,2858.0,1179.6992,912.0781,908.8,166517700.0,13.5,48.490402,1292.4299,836548.2,1.0,244.6,BenignTraffic,Benign
0.001876328,1.7,46.7,64.64,3.7842667,3.7842667,0.0,0,0,0,0,0,0.0,0.0,0.0,0.0,0.0,0,0,0,0,0,0,0,0,0,1,1,6064.15,573.15,578.0,577.7575,1.057033,573.15,83586830.0,9.5,34.0,0.0,0.0,0.0,141.55,Mirai-greip_flood,Mirai
73.79676,5125201.0,7.1,133.2,68.07365,68.07365,0.0,0,0,0,0,1,0.0,1.8,0.0,168.3,4936.5,0,1,0,0,1,0,0,0,0,1,1,35228.6,66.0,11650.0,2313.921,2862.6536,951.2,166526000.0,13.5,67.98647,4057.3926,8273485.0,1.0,244.6,BenignTraffic,Benign
0.0,81.0,6.0,64.0,18.011692,18.011692,0.0,0,0,0,0,0,0.0,0.0,0.0,0.0,0.0,0,0,0,0,1,0,0,0,0,1,1,567.0,54.0,54.0,54.0,0.0,54.0,82925816.0,9.5,10.392304,0.0,0.0,0.0,141.55,DoS-TCP_Flood,DoS
0.19568484,2686.0,8.2,66.4,42.76637,42.76637,0.0,0,0,0,0,1,0.5,1.5,0.0,1.9,6.7,0,0,0,0,1,0,0,0,0,1,1,7425.1,54.0,2962.0,488.98297,804.6778,541.1,166430770.0,13.5,31.274727,1140.103,652440.0,1.0,244.6,Recon-OSScan,Recon
0.03376558,8.33,1.21,64.64,1.3168849,1.3168849,0.0,0,0,0,0,0,0.0,0.0,0.0,0.03,0.05,0,0,0,0,0,0,0,0,1,1,1,9645.26,365.62,1467.92,899.5496,544.5585,922.53,83249750.0,9.5,42.24008,770.1245,312215.28,0.95,141.55,DDoS-ICMP_Fragmentation,DDoS
0.002109432,9.48,46.1,67.19,15.439147,15.439147,0.0,0,0,0,0,0,0.0,0.0,0.0,0.0,0.0,0,0,0,0,0,0,0,0,0,1,1,6005.09,506.59,592.0,571.72736,32.563637,578.87,83698400.0,9.5,33.779633,46.099518,6333.8994,0.17,141.55,Mirai-greeth_flood,Mirai
0.12273154,30709.5,16.83,63.36,7033.6836,7033.6836,0.0,0,0,0,0,0,0.0,0.0,0.0,0.0,0.0,0,0,0,0,0,1,0,0,0,1,1,525.5,50.0,50.5,50.02795,0.11476588,50.1,83101930.0,9.5,10.002813,0.16306035,0.2661492,0.05,141.55,DDoS-UDP_Flood,DDoS
41.841248,104067.6,12.6,93.5,16.90124,16.90124,0.0,0,0,0,0,0,0.0,0.2,0.0,144.5,349.6,0,0,0,0,0,1,0,0,0,1,1,2323.0,46.0,985.0,151.9098,226.20607,104.6,166524770.0,13.5,17.442085,320.52658,51702.785,1.0,244.6,BenignTraffic,Benign
0.52992475,645687.0,17.0,64.0,2199.126,2199.126,0.0,0,0,0,0,0,0.0,0.0,0.0,0.0,0.0,0,0,0,0,0,1,0,0,0,1,1,5817.0,554.0,554.0,554.0,0.0,554.0,83707240.0,9.5,33.286633,0.0,0.0,0.0,141.55,Mirai-udpplain,Mirai
0.0,54.0,6.0,64.0,254.03857,254.03857,0.0,0,0,0,1,1,0.0,0.0,0.0,1.0,1.0,0,0,0,0,1,0,0,0,0,1,1,567.0,54.0,54.0,54.0,0.0,54.0,83318160.0,9.5,10.392304,0.0,0.0,0.0,141.55,DDoS-PSHACK_Flood,DDoS
51.923965,3047789.0,6.0,80.3,67.237274,67.237274,0.0,0,0,0,0,1,0.0,1.6,0.0,192.2,3016.1,0,1,0,0,1,0,0,0,0,1,1,5231.4,93.0,1378.2,864.1102,612.7319,1088.6,0.003202605,5.5,40.788452,866.53375,417613.1,0.9,38.5,BenignTraffic,Benign
136.03084,86601.6,14.8,82.7,5.981881,5.981881,0.0,0,0,0,0,0,0.0,0.0,0.0,240.1,492.1,0,0,0,0,0,1,0,0,0,1,1,457.6,51.6,154.0,77.367065,36.819347,81.8,0.013462496,5.5,12.372676,52.07042,2081.124,0.9,38.5,BenignTraffic,Benign
6.061616,117.54,6.0,64.0,1.9294865,1.9294865,0.0,0,1,0,0,0,0.0,2.0,0.15,0.0,0.36,0,0,0,0,1,0,0,0,0,1,1,575.96,54.28,55.36,54.84591,0.50772834,54.84,82973150.0,9.5,10.472665,0.71871394,0.96416783,0.27,141.55,DoS-SYN_Flood,DoS
7.2547884,19573.4,6.0,118.5,25.202938,25.202938,0.0,0,0,0,0,1,0.0,1.8,0.0,49.3,109.1,0,1,0,0,1,0,0,0,0,1,1,18009.5,66.0,8754.0,1190.2177,2193.4941,503.7,166519500.0,13.5,48.620518,3109.0762,4853810.5,1.0,244.6,BenignTraffic,Benign
0.018726768,11.81,1.31,64.64,39.064537,39.064537,0.0,0,0,0,0,0,0.0,0.0,0.0,0.0,0.0,0,0,0,0,0,0,0,0,1,1,1,9511.3,350.58,1467.92,890.2994,546.3049,919.93,83253320.0,9.5,42.00773,772.4864,314180.03,0.95,141.55,DDoS-ICMP_Fragmentation,DDoS
4.455883,336250.4,6.0,181.6,157.6525,157.6525,0.0,0,0,0,0,1,0.0,1.8,0.0,12.8,249.9,0,1,0,0,1,0,0,0,0,1,1,18905.0,57.6,2962.0,1244.6388,754.7572,499.2,166519000.0,13.5,49.922085,1066.2152,570661.8,1.0,244.6,BenignTraffic,Benign
77.95249,5548719.5,6.0,80.8,67.80412,67.80412,0.0,0,0,0,0,1,0.0,0.0,0.0,224.0,5285.5,0,1,0,0,1,0,0,0,0,1,1,8761.4,1369.2,2093.2,1568.8746,208.82033,1514.0,0.000477099,5.5,55.995796,295.31653,111248.89,0.4,38.5,BenignTraffic,Benign
0.0,54.0,6.0,64.0,3.5675042,3.5675042,0.0,1,0,1,0,0,1.0,0.0,1.0,0.0,0.0,0,0,0,0,1,0,0,0,0,1,1,567.0,54.0,54.0,54.0,0.0,54.0,83349150.0,9.5,10.392304,0.0,0.0,0.0,141.55,DDoS-RSTFINFlood,DDoS
0.0,0.0,1.0,64.0,3.9243388,3.9243388,0.0,0,0,0,0,0,0.0,0.0,0.0,0.0,0.0,0,0,0,0,0,0,0,0,1,1,1,441.0,42.0,42.0,42.0,0.0,42.0,83149570.0,9.5,9.165152,0.0,0.0,0.0,141.55,DDoS-ICMP_Flood,DDoS
30.746119,29293.4,8.2,151.8,14.655358,14.655358,0.0,0,0,0,0,1,0.0,1.2,0.0,73.1,157.9,0,1,0,0,1,0,0,0,0,1,1,3341.2,56.4,1117.2,201.78117,268.25015,787.2,166524510.0,13.5,19.122494,346.2073,102356.69,1.0,244.6,BenignTraffic,Benign
34.775787,2722205.5,6.0,164.2,63.72981,63.72981,0.0,0,0,0,0,1,0.1,2.0,0.0,100.9,2591.7,0,1,0,0,1,0,0,0,0,1,1,15109.2,66.0,2962.0,1005.5743,1119.2552,458.4,166518180.0,13.5,44.78496,1584.9336,1257286.8,1.0,244.6,BenignTraffic,Benign
0.0,0.0,47.0,64.0,39.2057,39.2057,0.0,0,0,0,0,0,0.0,0.0,0.0,0.0,0.0,0,0,0,0,0,0,0,0,0,1,1,6069.0,578.0,578.0,578.0,0.0,578.0,83581530.0,9.5,34.0,0.0,0.0,0.0,141.55,Mirai-greip_flood,Mirai
0.0,53.46,5.94,63.36,47.855053,47.855053,0.0,1,0,1,0,0,0.99,0.0,0.99,0.0,0.0,0,0,0,0,1,0,0,0,0,1,1,568.14,54.0,55.14,54.155865,0.35741925,54.06,83344180.0,9.5,10.407225,0.5059213,0.72141767,0.19,141.55,DDoS-RSTFINFlood,DDoS
1.1888206,1746339.4,6.0,103.2,943.9757,943.9757,0.0,0,0,0,0,1,0.0,0.1,0.0,20.7,1140.9,1,0,0,0,1,0,0,0,0,1,1,5690.6,624.4,2858.0,1425.066,1012.89825,630.1,0.000179911,5.5,51.44043,1432.4545,1289549.9,0.8,38.5,BenignTraffic,Benign
21.613995,477703.7,6.0,130.7,83.676285,83.676285,0.0,0,0,0,0,1,0.0,1.0,0.0,87.5,545.2,0,1,0,0,1,0,0,0,0,1,1,4499.0,42.0,2174.1,264.84094,515.3208,1097.0,166524560.0,13.5,21.822325,731.7465,482014.03,1.0,244.6,BenignTraffic,Benign
24.379812,30551.2,8.2,82.3,7.4179115,7.4179115,0.0,0,0,0,0,1,0.0,0.3,0.0,100.7,206.1,0,0,0,0,1,0,0,0,0,1,1,1808.8,66.0,223.2,115.34704,63.935932,138.4,166519300.0,13.5,15.167287,90.58654,4109.2974,1.0,244.6,BenignTraffic,Benign
19.210709,748795.0,6.0,164.4,59.785934,59.785934,0.0,0,0,0,0,1,0.0,1.4,0.0,102.0,828.9,0,1,0,0,1,0,0,0,0,1,1,2498.6,54.0,1514.0,164.0982,359.80786,82.2,166525380.0,13.5,18.118727,509.92438,130991.016,1.0,244.6,BenignTraffic,Benign
109.331154,165919.0,9.3,78.1,9.173686,9.173686,0.0,0,0,0,0,1,0.0,0.0,0.0,477.9,1006.5,0,1,0,0,1,0,0,0,0,1,1,1271.4,66.0,165.0,80.88864,29.347603,111.8,166520980.0,13.5,12.718274,41.61798,973.95795,1.0,244.6,BenignTraffic,Benign
0.0202415,57.18,6.0,65.69,34.118946,34.118946,0.0,0,0,0,1,1,0.0,0.06,0.0,0.99,1.02,0,0,0,0,1,0,0,0,0,1,1,567.32,54.0,54.32,54.01736,0.07244779,54.08,83314740.0,9.5,10.393992,0.103062145,0.13283549,0.04,141.55,DDoS-PSHACK_Flood,DDoS
136.30762,12884.3,9.8,129.4,0.3314622,0.3314622,0.0,0,0,0,0,0,0.8,0.2,0.0,8.1,25.0,0,0,0,0,0,0,0,0,0,1,1,1327.0,54.6,209.6,84.05726,40.518555,115.0,166854540.0,13.5,12.957917,57.40823,1769.5365,1.0,244.6,DNS_Spoofing,Spoofing
0.0,0.0,1.0,64.0,4.9803767,4.9803767,0.0,0,0,0,0,0,0.0,0.0,0.0,0.0,0.0,0,0,0,0,0,0,0,0,1,1,1,441.0,42.0,42.0,42.0,0.0,42.0,83149390.0,9.5,9.165152,0.0,0.0,0.0,141.55,DDoS-ICMP_Flood,DDoS
0.0,54.0,6.0,64.0,29.338799,29.338799,0.0,0,0,0,0,0,0.0,0.0,0.0,0.0,0.0,0,0,0,0,1,0,0,0,0,1,1,567.0,54.0,54.0,54.0,0.0,54.0,83071560.0,9.5,10.392304,0.0,0.0,0.0,141.55,DDoS-TCP_Flood,DDoS
0.008019879,57.0,6.0,66.25,21.917795,21.917795,0.0,0,1,0,0,0,0.0,1.01,0.0,0.01,0.03,0,0,0,0,1,0,0,0,0,1,1,594.76,54.2,81.76,57.488564,8.394621,55.52,83093450.0,9.5,10.704219,11.883291,313.6219,0.37,141.55,DDoS-SYN_Flood,DDoS
100.195,2532693.5,8.2,97.7,31.48383,31.48383,0.0,0,0,0,0,1,0.0,0.8,0.0,249.7,2655.0,0,1,0,0,1,0,0,0,0,1,1,14818.6,64.4,2962.0,970.3841,1013.3729,824.2,166523470.0,13.5,44.09861,1434.418,1030880.56,1.0,244.6,BenignTraffic,Benign
0.0,0.0,1.0,64.0,2.001261,2.001261,0.0,0,0,0,0,0,0.0,0.0,0.0,0.0,0.0,0,0,0,0,0,0,0,0,1,1,1,441.0,42.0,42.0,42.0,0.0,42.0,83124824.0,9.5,9.165152,0.0,0.0,0.0,141.55,DDoS-ICMP_Flood,DDoS
42.60459,58333.1,9.3,66.1,25.238455,25.238455,0.0,0,0,0,0,1,0.0,1.0,0.0,70.9,171.2,0,1,0,0,1,0,0,0,0,1,1,2217.0,74.4,1360.2,420.0796,518.3862,511.4,0.003491402,5.5,28.346859,733.1088,302777.78,0.9,38.5,BenignTraffic,Benign
178.75844,7718.5,8.2,118.7,44.812614,44.812614,0.0,0,0,0,0,1,0.4,1.0,0.0,5.8,13.7,0,1,0,0,1,0,0,0,0,1,1,474.1,66.4,137.0,95.64957,28.434923,77.5,0.003109598,5.5,13.757079,40.213055,988.97125,0.9,38.5,DictionaryBruteForce,BruteForce
0.0,54.0,6.0,64.0,7.703981,7.703981,0.0,0,0,0,0,0,0.0,0.0,0.0,0.0,0.0,0,0,0,0,1,0,0,0,0,1,1,567.0,54.0,54.0,54.0,0.0,54.0,83076104.0,9.5,10.392304,0.0,0.0,0.0,141.55,DDoS-TCP_Flood,DDoS
0.15132794,19162.5,17.0,64.0,4359.832,4359.832,0.0,0,0,0,0,0,0.0,0.0,0.0,0.0,0.0,0,0,0,0,0,1,0,0,0,1,1,525.0,50.0,50.0,50.0,0.0,50.0,83106360.0,9.5,10.0,0.0,0.0,0.0,141.55,DDoS-UDP_Flood,DDoS
83.47101,527634.2,9.3,88.7,48.253254,48.253254,0.0,0,0,0,0,1,0.0,0.5,0.0,367.0,1108.9,0,1,0,0,1,0,0,0,0,1,1,1208.0,79.8,591.0,179.14047,165.73465,545.2,0.026283598,5.5,18.070192,234.38419,103184.37,0.9,38.5,BenignTraffic,Benign
0.0,54.0,6.0,64.0,21.770214,21.770214,0.0,0,1,0,0,0,0.0,1.0,0.0,0.0,0.0,0,0,0,0,1,0,0,0,0,1,1,567.0,54.0,54.0,54.0,0.0,54.0,83089880.0,9.5,10.392304,0.0,0.0,0.0,141.55,DDoS-SYN_Flood,DDoS
1.4413797,840493.44,17.0,64.58,923.96344,923.96344,0.0,0,0,0,0,0,0.0,0.0,0.0,0.0,0.0,0,0,0,0,0,1,0,0,0,1,1,5793.48,530.48,554.0,552.5461,5.6480675,551.06,83711500.0,9.5,33.242348,8.009826,402.5358,0.08,141.55,Mirai-udpplain,Mirai
0.0,0.0,46.53,63.36,7.5046906,7.5046906,0.0,0,0,0,0,0,0.0,0.0,0.0,0.0,0.0,0,0,0,0,0,0,0,0,0,1,1,5986.12,495.12,578.0,570.1554,23.582314,572.82,83646510.0,9.5,33.762585,33.389633,3606.8533,0.16,141.55,Mirai-greip_flood,Mirai
0.35273698,86.94,6.0,64.0,3.4619803,3.4619803,0.0,0,1,0,0,0,0.0,1.61,0.0,0.0,0.0,0,0,0,0,1,0,0,0,0,1,1,567.0,54.0,54.0,54.0,0.0,54.0,83362040.0,9.5,10.392304,0.0,0.0,0.0,141.55,DDoS-SynonymousIP_Flood,DDoS
24.792,1094843.6,7.1,204.2,57.25895,57.25895,0.0,0,0,0,0,1,0.0,1.2,0.0,70.5,1085.3,0,1,0,0,1,0,0,0,0,1,1,1139.7,54.0,156.0,73.58625,24.431347,72.5,166523490.0,13.5,12.126042,34.6076,601.0829,1.0,244.6,BenignTraffic,Benign
14.3927355,965202.0,6.0,164.2,64.554855,64.554855,0.0,0,0,0,0,1,0.0,0.0,0.0,41.7,929.4,0,1,0,0,1,0,0,0,0,1,1,17354.0,66.0,2277.2,1144.4298,690.83887,606.4,166521500.0,13.5,47.848316,976.3109,484333.25,1.0,244.6,BenignTraffic,Benign
56.18575,4425526.0,6.0,164.8,75.1881,75.1881,0.0,0,0,0,0,1,0.0,2.0,0.0,150.0,4223.5,0,1,0,0,1,0,0,0,0,1,1,5286.2,66.0,2527.6,921.9863,932.88684,790.0,0.000759196,5.5,41.537262,1319.3013,983989.25,0.9,38.5,BenignTraffic,Benign
0.10785366,14565.0,17.0,64.0,7859.848,7859.848,0.0,0,0,0,0,0,0.0,0.0,0.0,0.0,0.0,0,0,0,0,0,1,0,0,0,1,1,525.0,50.0,50.0,50.0,0.0,50.0,83106370.0,9.5,10.0,0.0,0.0,0.0,141.55,DDoS-UDP_Flood,DDoS
0.21486999,17534.5,17.0,64.0,2631.917,2631.917,0.0,0,0,0,0,0,0.0,0.0,0.0,0.0,0.0,0,0,0,0,0,1,0,0,0,1,1,525.0,50.0,50.0,50.0,0.0,50.0,83101820.0,9.5,10.0,0.0,0.0,0.0,141.55,DDoS-UDP_Flood,DDoS
66.1365,2009669.6,10.4,207.2,29.595253,29.595253,0.0,0,0,0,0,1,0.0,0.8,0.0,167.6,1957.5,0,1,0,0,1,0,0,0,0,1,1,504.1,66.0,127.6,82.9258,22.855198,117.0,0.028833723,5.5,12.807789,32.322132,1022.01074,0.6,38.5,BenignTraffic,Benign
0.6542039,1285557.0,17.0,64.0,3546.9617,3546.9617,0.0,0,0,0,0,0,0.0,0.0,0.0,0.0,0.0,0,0,0,0,0,1,0,0,0,1,1,5817.0,554.0,554.0,554.0,0.0,554.0,83784710.0,9.5,33.286633,0.0,0.0,0.0,141.55,Mirai-udpplain,Mirai
17.76812,618.3,10.4,60.8,13.266026,13.266026,0.0,0,0,0,0,1,0.3,1.0,0.0,0.6,2.4,0,0,0,0,1,0,0,0,0,1,1,2704.4,62.0,441.0,176.88603,121.42306,102.4,166517260.0,13.5,18.822266,171.87051,14775.08,1.0,244.6,BenignTraffic,Benign
20.073442,815695.4,6.0,64.0,98.84115,98.84115,0.0,0,0,0,0,1,0.0,1.8,0.0,34.9,761.4,0,1,0,0,1,0,0,0,0,1,1,7509.2,792.5,1514.0,1394.1204,261.07465,1274.0,0.004623699,5.5,52.776863,369.21533,99927.414,0.7,38.5,BenignTraffic,Benign
0.011437211,167.81,6.11,65.69,11.460847,11.460847,0.0,0,0,0,0,0,0.0,0.0,0.0,0.0,0.0,0,0,0,0,1,0,0,0,0,1,1,568.87,54.0,55.87,54.13069,0.473446,54.17,82955810.0,9.5,10.404852,0.67084044,2.065591,0.11,141.55,DoS-TCP_Flood,DoS
34.742294,80157.2,7.1,103.2,18.2283,18.2283,0.0,0,0,0,0,1,0.2,1.0,0.0,214.9,459.8,0,1,0,0,1,0,0,0,0,1,1,565.5,70.6,170.1,102.50083,38.561344,102.3,0.021925187,5.5,14.297543,54.533978,1764.3269,0.9,38.5,BenignTraffic,Benign
0.2562558,785624.2,6.0,93.5,2737.0955,2737.0955,0.0,0,0,0,0,1,0.0,0.0,0.0,223.4,701.5,1,0,0,0,1,0,0,0,0,1,1,14827.4,94.0,2858.0,959.8452,1157.072,1057.2,166520200.0,13.5,43.73163,1639.3861,1344666.1,1.0,244.6,BenignTraffic,Benign
19.293882,39412.3,6.0,75.7,22.005327,22.005327,0.0,0,0,0,1,1,0.0,1.2,0.0,103.0,218.5,0,1,0,0,1,0,0,0,0,1,1,6761.8,66.0,2954.0,438.40964,781.8286,676.1,166521180.0,13.5,29.630327,1107.7103,615422.6,1.0,244.6,BenignTraffic,Benign
0.0,54.0,6.0,64.0,31.776909,31.776909,0.0,0,0,0,0,0,0.0,0.0,0.0,0.0,0.0,1,0,0,0,1,0,0,0,0,1,1,567.0,54.0,54.0,54.0,0.0,54.0,83076270.0,9.5,10.392304,0.0,0.0,0.0,141.55,DDoS-TCP_Flood,DDoS
0.42537826,324608.2,6.0,130.8,504.3349,504.3349,0.0,0,0,0,0,1,0.0,0.0,0.0,2.5,214.5,0,1,0,0,1,0,0,0,0,1,1,8182.2,934.8,2817.2,1630.2422,663.1765,1079.6,0.002096009,5.5,56.7646,937.8732,505046.12,0.9,38.5,BenignTraffic,Benign
0.0,0.0,1.0,64.0,25.554222,25.554222,0.0,0,0,0,0,0,0.0,0.0,0.0,0.0,0.0,0,0,0,0,0,0,0,0,1,1,1,441.0,42.0,42.0,42.0,0.0,42.0,83132136.0,9.5,9.165152,0.0,0.0,0.0,141.55,DDoS-ICMP_Flood,DDoS
0.013396494,14875.0,17.0,64.0,22189.488,22189.488,0.0,0,0,0,0,0,0.0,0.0,0.0,0.0,0.0,0,0,0,0,0,1,0,0,0,1,1,525.0,50.0,50.0,50.0,0.0,50.0,83028640.0,9.5,10.0,0.0,0.0,0.0,141.55,DoS-UDP_Flood,DoS
9.608484,471647.8,7.1,62.5,49.9037,49.9037,0.0,0,0,0,0,1,0.0,0.0,0.0,40.4,490.7,0,1,0,0,1,0,0,0,0,1,1,16591.6,66.0,2047.6,1050.3027,709.9973,1383.2,166518300.0,13.5,45.879787,1001.8081,512126.4,1.0,244.6,BenignTraffic,Benign
3.8034506,108.0,6.0,64.0,0.5258383,0.5258383,0.0,0,1,0,0,0,0.0,2.0,0.0,0.0,0.0,0,0,0,0,1,0,0,0,0,1,1,567.0,54.0,54.0,54.0,0.0,54.0,82977520.0,9.5,10.392304,0.0,0.0,0.0,141.55,DoS-SYN_Flood,DoS
0.005346992,1.93,46.59,65.91,342.81094,342.81094,0.0,0,0,0,0,0,0.0,0.0,0.01,0.01,0.03,0,0,0,0,0,0,0,0,0,1,1,6162.2,538.2,592.0,588.40204,13.369174,586.62,83676984.0,9.5,34.302612,18.947588,1808.2649,0.1,141.55,Mirai-greeth_flood,Mirai
0.57552284,990271.6,6.0,93.5,2047.876,2047.876,0.0,0,0,0,0,1,0.0,2.0,0.0,175.2,1177.8,1,0,0,0,1,0,0,0,0,1,1,4210.6,230.8,1462.0,830.5486,605.2692,778.0,5.32e-05,5.5,40.390476,855.9799,407269.78,0.9,38.5,BenignTraffic,Benign
2.6379673,604533.4,6.0,130.8,189.72884,189.72884,0.0,0,0,0,0,1,0.0,2.0,0.0,17.0,499.5,0,1,0,0,1,0,0,0,0,1,1,15277.4,1658.8,5713.2,3323.6553,1450.2142,1948.4,0.000900483,5.5,80.41735,2050.9126,2524264.0,0.9,38.5,BenignTraffic,Benign
20.847569,37110.7,7.1,167.1,33.75409,33.75409,0.0,0,0,0,0,1,0.0,1.6,0.0,96.0,200.6,0,1,0,0,1,0,0,0,0,1,1,5192.1,60.0,1638.0,337.69092,502.86472,303.1,166518540.0,13.5,25.734941,702.3132,248296.1,1.0,244.6,BenignTraffic,Benign
0.00209049,2.0,46.7,63.84,7.5427165,7.5427165,0.0,0,0,0,0,0,0.0,0.0,0.0,0.0,0.0,0,0,0,0,0,0,0,0,0,1,1,5995.08,504.08,578.0,571.93994,19.95783,572.72,83573976.0,9.5,33.817444,28.264599,2914.2039,0.14,141.55,Mirai-greip_flood,Mirai
0.0,54.0,6.0,64.0,6.0201964,6.0201964,0.0,0,1,0,0,0,0.0,1.0,0.0,0.0,0.0,0,0,0,0,1,0,0,0,0,1,1,567.0,54.0,54.0,54.0,0.0,54.0,83365460.0,9.5,10.392304,0.0,0.0,0.0,141.55,DDoS-SynonymousIP_Flood,DDoS
0.0,0.0,1.0,64.0,67.9756,67.9756,0.0,0,0,0,0,0,0.0,0.0,0.0,0.0,0.0,0,0,0,0,0,0,0,0,1,1,1,441.0,42.0,42.0,42.0,0.0,42.0,83149500.0,9.5,9.165152,0.0,0.0,0.0,141.55,DDoS-ICMP_Flood,DDoS
53.47713,4261297.5,6.0,62.6,68.32207,68.32207,0.0,0,0,0,0,1,0.0,2.0,0.0,134.3,3962.1,0,1,0,0,1,0,0,0,0,1,1,12224.6,66.0,2527.6,755.74396,774.39276,1563.3,166518240.0,13.5,38.64138,1094.933,613623.1,1.0,244.6,BenignTraffic,Benign
0.0,54.0,6.0,64.0,83.28477,83.28477,0.0,0,1,0,0,0,0.0,1.0,0.0,0.0,0.0,0,1,0,0,1,0,0,0,0,1,1,567.0,54.0,54.0,54.0,0.0,54.0,82986040.0,9.5,10.392304,0.0,0.0,0.0,141.55,DoS-SYN_Flood,DoS
0.079745896,18377.54,16.89,65.91,9959.307,9959.307,0.0,0,0,0,0,0,0.0,0.0,0.01,0.0,0.01,0,0,0,0,0,1,0,0,0,1,1,525.04,50.0,50.04,50.002,0.008717798,50.04,83098680.0,9.5,10.0,0.0,0.0,0.0,141.55,DDoS-UDP_Flood,DDoS
84.74465,1033775.2,8.2,59.8,20.877377,20.877377,0.0,0,0,0,0,0,0.0,0.2,0.0,896.3,2179.4,0,0,0,0,0,0,0,0,0,1,1,2447.2,46.0,794.0,157.72937,189.61597,152.8,166516980.0,13.5,17.776697,268.75922,36240.164,1.0,244.6,BenignTraffic,Benign
0.0,0.0,47.0,64.0,2.7074397,2.7074397,0.0,0,0,0,0,0,0.0,0.0,0.0,0.0,0.0,0,0,0,0,0,0,0,0,0,1,1,6069.0,578.0,578.0,578.0,0.0,578.0,83586104.0,9.5,34.0,0.0,0.0,0.0,141.55,Mirai-greip_flood,Mirai
65.4668,2546.7,6.0,145.0,9.428816,9.428816,0.0,0,0,0,0,1,0.5,0.8,0.0,8.2,18.1,0,0,0,0,1,0,0,0,0,1,1,457.8,57.9,144.0,82.305595,28.685478,81.9,0.010948801,5.5,12.815407,40.56739,1074.5504,0.9,38.5,BenignTraffic,Benign
14.564296,1352558.0,6.0,64.0,89.56833,89.56833,0.0,0,0,0,0,1,0.0,2.0,0.0,59.4,1303.5,0,1,0,0,1,0,0,0,0,1,1,15135.0,60.0,2962.0,938.8421,1118.7153,1996.9,166520850.0,13.5,42.9718,1585.8264,1264587.6,1.0,244.6,BenignTraffic,Benign
0.0,0.0,1.0,64.0,129.95319,129.95319,0.0,0,0,0,0,0,0.0,0.0,0.0,0.0,0.0,0,0,0,0,0,0,0,0,1,1,1,441.0,42.0,42.0,42.0,0.0,42.0,83132744.0,9.5,9.165152,0.0,0.0,0.0,141.55,DDoS-ICMP_Flood,DDoS
51.749985,315532.5,8.7,91.7,16.273645,16.273645,0.0,0,0,0,0,1,0.0,0.4,0.0,59.4,378.4,0,0,0,0,1,0,0,0,0,1,1,3758.3,59.4,2591.0,518.9263,846.1006,710.0,0.02940848,5.5,28.955217,1196.567,1252253.4,0.9,38.5,BenignTraffic,Benign
7.5579333,24755.8,6.0,80.4,23.415955,23.415955,0.0,0,0,0,0,1,0.0,1.7,0.0,57.0,124.9,0,1,0,0,1,0,0,0,0,1,1,367.0,66.0,70.0,66.51651,1.334075,66.8,0.007888198,5.5,11.533901,1.8866669,3.580661,0.5,38.5,BenignTraffic,Benign
0.3510231,153702.6,16.23,65.17,287.13788,287.13788,0.0,0,0,0,0,0,0.01,0.0,0.0,0.0,0.02,0,0,0,0,0,0,0,0,0,1,1,9551.6,329.0,1514.0,944.1387,557.6506,900.68,83370376.0,9.5,43.303703,788.7201,328005.53,0.95,141.55,DDoS-UDP_Fragmentation,DDoS
0.005098972,51.1,1.09,63.36,271.73062,271.73062,0.0,0,0,0,0,0,0.0,0.0,0.0,0.09,0.13,0,0,0,0,0,0,0,0,1,1,1,9784.88,379.16,1495.2,955.95593,538.35974,910.7,83254320.0,9.5,43.612343,761.26807,306826.12,0.95,141.55,DDoS-ICMP_Fragmentation,DDoS
16.579618,554996.9,8.2,81.6,31.155823,31.155823,0.0,0,0,0,0,1,0.0,0.0,0.0,36.9,576.7,0,1,0,0,1,0,0,0,0,1,1,3695.8,50.0,1161.6,211.75764,317.2895,939.3,166520060.0,13.5,19.057325,446.76468,187587.81,1.0,244.6,BenignTraffic,Benign
0.0,54.0,6.0,64.0,2.5826714,2.5826714,0.0,0,0,0,1,1,0.0,0.0,0.0,1.0,1.0,0,0,0,0,1,0,0,0,0,1,1,567.0,54.0,54.0,54.0,0.0,54.0,83330920.0,9.5,10.392304,0.0,0.0,0.0,141.55,DDoS-PSHACK_Flood,DDoS
24.410841,544214.2,9.3,80.5,209737.81,209737.81,0.0,0,0,0,0,1,0.0,0.0,0.0,105.0,660.4,0,1,0,0,1,0,0,0,0,1,1,2530.4,93.0,1378.2,492.6479,466.23096,370.3,0.014809084,5.5,30.755346,659.35016,246829.05,0.9,38.5,BenignTraffic,Benign
47.46729,665528.8,5.4,175.6,45.662106,45.662106,0.0,0,0,0,0,1,0.0,1.2,0.0,155.9,870.3,0,1,0,0,1,0,0,0,0,1,1,511.2,69.6,156.0,101.27679,32.961483,84.3,0.005262709,5.5,14.172803,46.614574,1228.1394,0.9,38.5,BenignTraffic,Benign
0.0,2.18,45.78,67.19,0.0,0.0,0.0,0,0,0,0,0,0.0,0.0,0.0,0.0,0.0,0,0,0,0,0,0,0,0,0,1,1,6015.0,536.0,578.0,574.4998,11.327326,564.8,83647260.0,9.5,33.90208,15.619386,1136.9146,0.11,141.55,Mirai-greip_flood,Mirai
0.44923598,58.86,6.0,64.0,0.4006791,0.4006791,0.0,0,1,0,0,0,0.0,1.09,0.0,0.0,0.0,0,0,0,0,1,0,0,0,0,1,1,567.0,54.0,54.0,54.0,0.0,54.0,83365370.0,9.5,10.392304,0.0,0.0,0.0,141.55,DDoS-SynonymousIP_Flood,DDoS
44.037586,2282062.8,7.1,91.1,61.344524,61.344524,0.0,0,0,0,0,1,0.0,1.6,0.0,167.0,2326.2,0,1,0,0,1,0,0,0,0,1,1,9346.3,909.2,4120.4,1699.2389,1004.51685,1348.9,0.008215094,5.5,58.05835,1420.6013,1682441.9,0.6,38.5,BenignTraffic,Benign
0.5240472,1174675.2,6.0,99.4,2260.572,2260.572,0.0,0,0,0,0,1,0.0,0.0,0.0,252.7,1189.4,1,0,0,0,1,0,0,0,0,1,1,25283.8,66.0,2962.0,1634.1062,894.1936,1617.2,166520200.0,13.5,57.176567,1267.7068,804838.8,1.0,244.6,BenignTraffic,Benign
22.76331,79279.9,6.0,73.8,45.016953,45.016953,0.0,0,0,0,0,1,0.0,1.6,0.0,105.1,257.6,0,1,0,0,1,0,0,0,0,1,1,10918.0,66.0,1494.0,717.5217,695.7156,367.4,166519060.0,13.5,37.704067,982.3996,482648.4,1.0,244.6,BenignTraffic,Benign
45.81086,668958.7,7.1,202.0,55.757065,55.757065,0.0,0,0,0,0,1,0.0,1.2,0.0,208.4,985.5,0,1,0,0,1,0,0,0,0,1,1,418.8,62.0,116.8,72.811745,17.496815,88.8,0.008727288,5.5,12.051158,24.744232,641.34753,0.5,38.5,BenignTraffic,Benign
4.229696,108.0,6.0,64.0,0.47284725,0.47284725,0.0,0,0,0,0,0,0.0,0.0,0.0,0.0,0.0,0,0,0,0,1,0,0,0,0,1,1,567.0,54.0,54.0,54.0,0.0,54.0,82947340.0,9.5,10.392304,0.0,0.0,0.0,141.55,DoS-TCP_Flood,DoS
92.3123,259244.5,6.0,113.7,30.70169,30.70169,0.0,0,0,0,0,1,0.0,0.4,0.0,226.4,627.1,0,1,0,0,1,0,0,0,0,1,1,1085.8,66.0,111.0,69.66343,11.060421,81.7,166521390.0,13.5,11.800463,15.71854,171.7436,0.8,244.6,BenignTraffic,Benign
17.699438,1321222.2,6.0,64.0,83.941154,83.941154,0.0,0,0,0,0,1,0.0,1.8,0.0,71.8,1267.5,0,1,0,0,1,0,0,0,0,1,1,15698.6,66.0,1708.0,997.52075,675.10657,1426.7,166523490.0,13.5,44.581085,956.2669,457294.44,1.0,244.6,BenignTraffic,Benign
23.397068,1403072.5,6.0,63.6,85.45468,85.45468,0.0,0,0,0,0,1,0.0,1.8,0.0,114.0,1318.7,0,1,0,0,1,0,0,0,0,1,1,27427.2,502.5,3396.4,1765.5189,728.67236,1803.6,166520670.0,13.5,59.564205,1021.25256,529285.44,1.0,244.6,BenignTraffic,Benign
44.187695,697678.3,6.0,96.5,33.604668,33.604668,0.0,0,0,0,0,1,0.0,0.6,0.0,218.9,1000.3,0,1,0,0,1,0,0,0,0,1,1,1212.9,61.1,690.2,159.33682,194.64598,668.8,0.025665402,5.5,16.254156,275.271,194152.23,0.9,38.5,BenignTraffic,Benign
44.70488,107876.5,12.6,118.6,14.588005,14.588005,0.0,0,0,0,0,0,0.0,0.2,0.0,102.3,275.0,0,0,0,0,0,1,0,0,0,1,1,2282.4,50.0,1149.0,149.50574,269.77444,83.8,166524770.0,13.5,17.269686,382.3837,73606.08,1.0,244.6,BenignTraffic,Benign
0.14166377,38769.0,17.0,64.0,7865.7173,7865.7173,0.0,0,0,0,0,0,0.0,0.0,0.0,0.0,0.0,0,0,0,0,0,1,0,0,0,1,1,525.0,50.0,50.0,50.0,0.0,50.0,83101920.0,9.5,10.0,0.0,0.0,0.0,141.55,DDoS-UDP_Flood,DDoS
38.375526,2825085.2,7.1,176.5,58.87339,58.87339,0.0,0,0,0,0,1,0.0,0.2,0.0,104.9,2582.6,0,1,0,0,1,0,0,0,0,1,1,506.6,64.8,210.8,80.34556,43.71149,210.4,0.00061729,5.5,12.383319,61.817387,18882.396,0.3,38.5,BenignTraffic,Benign
30.94594,5634.1,15.9,102.2,3.303628,3.303628,0.0,0,0,0,0,0,0.0,0.0,0.0,0.9,1.2,0,0,0,0,0,1,0,0,0,1,1,1262.6,50.0,230.0,81.490974,58.257492,71.6,166525420.0,13.5,12.773084,82.56857,3419.1658,1.0,244.6,BenignTraffic,Benign
1.0835142,97928.1,5.4,90.1,49.712093,49.712093,0.0,0,0,0,0,1,0.0,0.2,0.0,6.2,93.5,0,0,0,0,1,0,0,0,0,1,1,1441.8,65.1,661.8,197.24576,235.20876,372.1,0.006683183,5.5,18.492596,332.6354,132351.72,0.9,38.5,BenignTraffic,Benign
826.33386,102497.6,8.7,85.3,3.6637418,3.6637418,0.0,0,0,0,0,1,0.0,0.2,0.0,508.0,849.7,0,0,0,0,1,0,0,0,0,1,1,1504.2,55.6,230.0,97.00591,52.196167,110.7,166847520.0,13.5,13.876579,72.80824,2658.5674,1.0,244.6,Recon-HostDiscovery,Recon
56.835655,4518966.0,6.0,231.0,77.95282,77.95282,0.0,0,0,0,0,1,0.0,2.0,0.0,153.0,4429.5,0,1,0,0,1,0,0,0,0,1,1,363.0,66.0,66.0,66.0,0.0,66.0,0.002441287,5.5,11.489125,0.0,0.0,0.0,38.5,BenignTraffic,Benign
908.2967,11883.7,6.0,79.2,0.7381614,0.7381614,0.0,0,0,0,1,1,0.0,1.6,0.0,48.6,80.2,0,0,0,0,1,0,0,0,0,1,1,2810.4,66.0,344.0,179.69865,73.79422,206.0,166862320.0,13.5,18.980644,103.989586,5415.7964,1.0,244.6,DNS_Spoofing,Spoofing
0.0,0.0,1.0,64.0,29.570463,29.570463,0.0,0,0,0,0,0,0.0,0.0,0.0,0.0,0.0,0,0,0,0,0,0,0,0,1,1,1,441.0,42.0,42.0,42.0,0.0,42.0,83124650.0,9.5,9.165152,0.0,0.0,0.0,141.55,DDoS-ICMP_Flood,DDoS
0.08313317,19925.0,17.0,64.0,4788.328,4788.328,0.0,0,0,0,0,0,0.0,0.0,0.0,0.0,0.0,0,0,0,0,0,1,0,0,0,1,1,525.0,50.0,50.0,50.0,0.0,50.0,83123704.0,9.5,10.0,0.0,0.0,0.0,141.55,DDoS-UDP_Flood,DDoS
8.075371,293633.7,6.0,148.8,144.13419,144.13419,0.0,0,0,0,0,1,0.0,1.6,0.0,11.7,215.7,0,1,0,0,1,0,0,0,0,1,1,9001.1,66.0,2672.4,561.9442,803.0844,939.5,166524210.0,13.5,33.12491,1135.3792,660913.94,1.0,244.6,BenignTraffic,Benign
0.0,54.0,6.0,64.0,26.380764,26.380764,0.0,0,1,0,0,0,0.0,1.0,0.0,0.0,0.0,0,0,0,0,1,0,0,0,0,1,1,567.0,54.0,54.0,54.0,0.0,54.0,83089940.0,9.5,10.392304,0.0,0.0,0.0,141.55,DDoS-SYN_Flood,DDoS
31.57473,27325.3,7.6,76.3,3.4443605,3.4443605,0.0,0,0,0,0,1,0.0,0.0,0.0,73.3,152.0,0,0,0,0,1,0,0,0,0,1,1,1481.4,60.0,717.0,279.4448,236.83414,207.7,0.016427398,5.5,23.126091,334.93405,64012.125,0.9,38.5,BenignTraffic,Benign
0.0,54.0,6.0,64.0,2.9279876,2.9279876,0.0,1,0,1,0,0,1.0,0.0,1.0,0.0,0.0,0,0,0,0,1,0,0,0,0,1,1,567.0,54.0,54.0,54.0,0.0,54.0,83348430.0,9.5,10.392304,0.0,0.0,0.0,141.55,DDoS-RSTFINFlood,DDoS
3.4963467,108.0,6.0,64.0,21.340063,21.340063,0.0,0,1,0,0,0,0.0,2.0,0.0,0.0,0.0,0,0,0,0,1,0,0,0,0,1,1,567.0,54.0,54.0,54.0,0.0,54.0,83362450.0,9.5,10.392304,0.0,0.0,0.0,141.55,DDoS-SynonymousIP_Flood,DDoS
3.3504467,6298703.0,17.0,64.0,3393.4243,3393.4243,0.0,0,0,0,0,0,0.0,0.0,0.0,0.0,0.0,0,0,0,0,0,1,0,0,0,1,1,5817.0,554.0,554.0,554.0,0.0,554.0,83767464.0,9.5,33.286633,0.0,0.0,0.0,141.55,Mirai-udpplain,Mirai
11.298203,645952.8,6.0,130.3,47.075134,47.075134,0.0,0,0,0,0,1,0.0,0.0,0.0,29.6,597.3,0,1,0,0,1,0,0,0,0,1,1,16094.5,64.8,2962.0,1059.6786,845.363,501.9,166521800.0,13.5,46.063133,1195.0533,714450.1,1.0,244.6,BenignTraffic,Benign
35.5436,15419.5,6.6,114.6,7.2146053,7.2146053,0.0,0,0,0,0,1,0.0,0.2,0.0,43.6,91.5,0,1,0,0,1,0,0,0,0,1,1,2102.9,60.0,517.2,133.60883,121.27573,189.8,166517630.0,13.5,16.333544,171.9969,16002.669,1.0,244.6,BenignTraffic,Benign
34.418343,645279.3,7.1,81.9,40.848015,40.848015,0.0,0,0,0,0,1,0.0,0.8,0.0,207.3,912.8,0,1,0,0,1,0,0,0,0,1,1,4584.5,50.0,1911.3,262.3266,445.23624,1740.1,166526320.0,13.5,19.86483,401.73898,145774.6,1.0,244.6,BenignTraffic,Benign
29.321053,463428.9,6.5,104.6,31.852741,31.852741,0.0,0,0,0,0,1,0.0,0.2,0.0,465.7,941.5,0,1,0,0,1,0,0,0,0,1,1,7580.3,54.0,2962.0,499.4283,896.5085,246.8,166516930.0,13.5,31.51468,1270.6265,811734.25,1.0,244.6,BenignTraffic,Benign
0.0,54.0,6.0,64.0,0.5470889,0.5470889,0.0,1,0,1,0,0,1.0,0.0,1.0,0.0,0.0,1,0,0,0,1,0,0,0,0,1,1,567.0,54.0,54.0,54.0,0.0,54.0,83345060.0,9.5,10.392304,0.0,0.0,0.0,141.55,DDoS-RSTFINFlood,DDoS
0.09994029,38074.0,17.0,64.0,14522.901,14522.901,0.0,0,0,0,0,0,0.0,0.0,0.0,0.0,0.0,0,0,0,0,0,1,0,0,0,1,1,525.0,50.0,50.0,50.0,0.0,50.0,83123560.0,9.5,10.0,0.0,0.0,0.0,141.55,DDoS-UDP_Flood,DDoS
3.8858664,121.92,6.0,64.0,2.424145,2.424145,0.0,0,1,0,0,0,0.0,2.0,0.24,0.0,0.24,0,1,0,0,1,0,0,0,0,1,1,567.0,54.0,54.0,54.0,0.0,54.0,82985970.0,9.5,10.392304,0.0,0.0,0.0,141.55,DoS-SYN_Flood,DoS
65.69095,1085835.8,7.1,98.8,23.358656,23.358656,0.0,0,0,0,0,1,0.0,0.6,0.0,307.9,1480.1,0,1,0,0,1,0,0,0,0,1,1,1147.2,66.0,513.1,163.6552,151.06525,467.0,0.029173112,5.5,17.298038,213.63852,70714.586,0.9,38.5,BenignTraffic,Benign
117.10935,3359728.5,6.0,62.8,31.89536,31.89536,0.0,0,0,0,0,1,0.0,0.0,0.0,418.0,3759.6,0,1,0,0,1,0,0,0,0,1,1,10102.4,67.1,5281.0,1575.7052,1892.9905,1557.5,0.0228693,5.5,52.11643,2677.0928,4550523.0,0.9,38.5,BenignTraffic,Benign
42.671627,439592.8,9.8,57.2,39.727917,39.727917,0.0,0,0,0,0,0,0.0,0.8,0.0,68.6,505.7,0,0,0,0,0,0,0,0,0,1,1,1768.4,50.8,641.6,220.48929,256.29825,639.8,0.006677699,5.5,18.42665,362.46045,163938.9,0.9,38.5,BenignTraffic,Benign
5.284978,20131.2,6.0,81.0,15.899295,15.899295,0.0,0,0,0,0,1,0.0,0.0,0.0,39.0,87.6,0,1,0,0,1,0,0,0,0,1,1,28898.2,66.0,7306.0,1887.0327,1633.7928,1057.7,166524450.0,13.5,61.543694,2309.5466,2681928.0,1.0,244.6,BenignTraffic,Benign
0.0,53.46,5.94,63.36,19.492796,19.492796,0.0,0,0,0,1,1,0.0,0.0,0.0,0.99,0.99,0,0,0,0,1,0,0,0,0,1,1,568.14,54.0,55.14,54.155865,0.35741925,54.06,83331830.0,9.5,10.407225,0.5059213,0.72141767,0.19,141.55,DDoS-PSHACK_Flood,DDoS
85.7379,5302755.5,4.8,185.3,59.670727,59.670727,0.0,0,0,0,0,1,0.0,0.0,0.0,181.6,5006.2,0,1,0,0,1,0,0,0,0,1,1,27084.0,64.2,11650.0,1808.9293,2931.7434,64.8,166518030.0,13.5,60.022823,4153.4697,8655260.0,1.0,244.6,BenignTraffic,Benign
0.0,54.0,6.0,64.0,1.0174977,1.0174977,0.0,0,0,0,0,0,0.0,0.0,0.01,0.0,0.0,0,0,0,0,1,0,0,0,0,1,1,567.0,54.0,54.0,54.0,0.0,54.0,83037700.0,9.5,10.392304,0.0,0.0,0.0,141.55,DDoS-TCP_Flood,DDoS
0.0,54.0,6.0,64.0,9.810485,9.810485,0.0,1,0,1,0,0,1.0,0.0,1.0,0.0,0.0,0,1,0,0,1,0,0,0,0,1,1,567.0,54.0,54.0,54.0,0.0,54.0,83348180.0,9.5,10.392304,0.0,0.0,0.0,141.55,DDoS-RSTFINFlood,DDoS
129.4876,17300.6,7.6,146.6,16.29491,16.29491,0.0,0,0,0,0,1,0.0,0.7,0.0,62.2,122.4,0,0,0,0,1,0,0,0,0,1,1,1775.2,63.0,246.0,114.54453,66.21029,110.4,166517070.0,13.5,15.133622,93.872314,4406.947,1.0,244.6,BenignTraffic,Benign
62.499153,3122597.8,7.7,183.3,52.18945,52.18945,0.0,0,0,0,0,1,0.0,0.0,0.0,146.7,2901.8,0,1,0,0,1,0,0,0,0,1,1,394.0,61.2,100.8,69.34726,11.346956,81.3,0.001226807,5.5,11.764928,16.04702,525.80444,0.6,38.5,BenignTraffic,Benign
0.0,54.04,6.0,64.0,194.09987,194.09987,0.0,0,1,0,0,0,0.0,1.0,0.0,0.0,0.01,0,0,0,0,1,0,0,0,0,1,1,567.08,54.0,54.08,54.004105,0.017649673,54.04,83076980.0,9.5,10.39271,0.025263159,0.01595568,0.02,141.55,DDoS-SYN_Flood,DDoS
0.0,54.0,6.0,64.0,3.8001912,3.8001912,0.0,0,0,0,0,0,0.0,0.0,0.0,0.0,0.0,1,0,0,0,1,0,0,0,0,1,1,567.0,54.0,54.0,54.0,0.0,54.0,82943080.0,9.5,10.392304,0.0,0.0,0.0,141.55,DoS-TCP_Flood,DoS
26.214787,972668.2,8.2,197.6,81.35392,81.35392,0.0,0,0,0,0,1,0.0,1.6,0.0,29.6,852.4,0,1,0,0,1,0,0,0,0,1,1,7531.6,50.0,3639.0,501.31494,965.8385,64.4,166518780.0,13.5,31.616745,1368.5773,941505.5,1.0,244.6,BenignTraffic,Benign
5.6592164,108.0,6.0,64.0,0.35340583,0.35340583,0.0,1,0,1,0,0,2.0,0.0,2.0,0.0,0.0,0,0,0,0,1,0,0,0,0,1,1,567.0,54.0,54.0,54.0,0.0,54.0,83348296.0,9.5,10.392304,0.0,0.0,0.0,141.55,DDoS-RSTFINFlood,DDoS
0.06844233,36339.86,16.89,65.71,16427.525,16427.525,0.0,0,0,0,0,0,0.0,0.09,0.0,0.0,0.04,0,0,0,0,0,1,0,0,0,1,1,526.44,50.0,51.44,50.083084,0.33530465,50.24,83015470.0,9.5,10.008313,0.47600886,1.8914194,0.06,141.55,DoS-UDP_Flood,DoS
20.347807,842031.5,6.5,53.8,29.86226,29.86226,0.0,0,0,0,0,1,0.0,0.0,0.0,31.7,802.1,0,1,0,0,1,0,0,0,0,1,1,5212.8,207.2,1514.0,973.1039,593.8246,815.0,0.000998306,5.5,43.83225,839.7948,393190.78,0.9,38.5,BenignTraffic,Benign
182.00095,164150.3,11.5,97.7,21.293537,21.293537,0.0,0,0,0,0,0,0.0,0.6,0.0,183.2,464.0,0,0,0,0,0,0,0,0,0,1,1,1307.7,50.0,342.0,81.18861,66.829575,148.9,166517440.0,13.5,12.676757,94.92464,8063.7495,1.0,244.6,BenignTraffic,Benign
25.959494,2792150.0,6.0,181.6,92.52008,92.52008,0.0,0,0,0,0,1,0.0,1.8,0.0,78.5,2579.8,0,1,0,0,1,0,0,0,0,1,1,3305.6,355.6,1514.0,796.40497,513.854,387.5,0.000799203,5.5,38.75057,726.6993,331827.2,0.8,38.5,BenignTraffic,Benign
0.0,54.0,6.0,64.0,272.56094,272.56094,0.0,0,0,0,1,1,0.0,0.0,0.0,1.0,1.0,0,0,0,0,1,0,0,0,0,1,1,567.0,54.0,54.0,54.0,0.0,54.0,83313910.0,9.5,10.392304,0.0,0.0,0.0,141.55,DDoS-PSHACK_Flood,DDoS
0.31710315,66.96,6.0,64.0,1.5221331,1.5221331,0.0,0,0,0,1,1,0.0,0.0,0.24,1.0,1.0,0,0,0,0,1,0,0,0,0,1,1,567.0,54.0,54.0,54.0,0.0,54.0,83330860.0,9.5,10.392304,0.0,0.0,0.0,141.55,DDoS-PSHACK_Flood,DDoS
126.16578,15405.3,7.1,99.3,11.2331,11.2331,0.0,0,0,0,0,1,0.3,1.0,0.0,56.4,112.6,0,1,0,0,1,0,0,0,0,1,1,808.9,66.0,291.9,150.7221,85.80384,124.1,0.016199399,5.5,17.194342,121.344955,8319.247,0.9,38.5,BenignTraffic,Benign
11.69266,844207.2,8.2,156.7,96.2708,96.2708,0.0,0,0,0,0,1,0.0,1.3,0.0,45.8,877.8,0,1,0,0,1,0,0,0,0,1,1,1686.2,60.0,797.2,233.40048,302.20563,357.6,0.004778719,5.5,20.022043,427.3833,180231.75,0.9,38.5,BenignTraffic,Benign
2.7519815,688485.0,6.0,147.5,224.0199,224.0199,0.0,0,0,0,0,1,0.0,2.0,0.0,19.0,615.5,0,1,0,0,1,0,0,0,0,1,1,14843.0,1803.6,5858.0,3297.1086,1451.4965,1803.6,0.00048871,5.5,79.931274,2052.726,2418056.0,0.9,38.5,BenignTraffic,Benign
1.1191622,36892.6,11.5,165.2,157390.17,157390.17,0.0,0,0,0,0,0,0.2,0.0,0.0,3.3,6.8,0,0,0,0,0,0,0,0,0,1,1,3578.1,54.0,1000.4,214.07811,308.99594,491.6,166609660.0,13.5,20.092606,438.46307,143446.05,1.0,244.6,MITM-ArpSpoofing,Spoofing
0.5241952,1486175.6,6.0,93.5,3109.918,3109.918,0.0,0,0,0,0,1,0.0,0.0,0.0,260.9,1630.2,1,0,0,0,1,0,0,0,0,1,1,3335.4,78.0,1046.8,479.0854,470.3952,770.0,6.27e-05,5.5,28.904116,665.23926,316756.38,0.7,38.5,BenignTraffic,Benign
0.120190926,725.52,6.16,69.34,89.14891,89.14891,0.0,0,0,0,0,0,0.0,0.11,0.0,0.02,0.54,0,0,0,0,0,0,0,0,0,1,1,9683.53,313.08,1491.2,941.9361,543.81506,893.41,83335544.0,9.5,43.232174,769.0454,313305.53,0.95,141.55,DDoS-ACK_Fragmentation,DDoS
0.4555247,97.2,6.0,64.0,2.6347032,2.6347032,0.0,0,1,0,0,0,0.0,1.8,0.0,0.0,0.0,0,0,0,0,1,0,0,0,0,1,1,567.0,54.0,54.0,54.0,0.0,54.0,83362090.0,9.5,10.392304,0.0,0.0,0.0,141.55,DDoS-SynonymousIP_Flood,DDoS
1.3501263,17996.0,13.7,91.2,75.36479,75.36479,0.0,0,0,0,0,0,0.0,0.6,0.0,0.1,0.6,0,0,0,0,0,1,0,0,0,1,1,824.8,71.6,371.5,143.5092,97.805725,156.3,0.00335598,5.5,16.837038,138.31819,13802.887,0.9,38.5,MITM-ArpSpoofing,Spoofing
0.0,54.0,6.0,64.0,8.371422,8.371422,0.0,0,1,0,0,0,0.0,1.0,0.0,0.0,0.0,0,0,0,0,1,0,0,0,0,1,1,567.0,54.0,54.0,54.0,0.0,54.0,82985900.0,9.5,10.392304,0.0,0.0,0.0,141.55,DoS-SYN_Flood,DoS
0.0,54.0,6.0,64.0,8.783459,8.783459,0.0,1,0,1,0,0,1.0,0.0,1.0,0.0,0.0,0,0,0,0,1,0,0,0,0,1,1,567.0,54.0,54.0,54.0,0.0,54.0,83344024.0,9.5,10.392304,0.0,0.0,0.0,141.55,DDoS-RSTFINFlood,DDoS
51.156067,964047.6,6.0,136.4,32.40935,32.40935,0.0,0,0,0,0,1,0.0,0.8,0.0,168.6,1180.6,0,1,0,0,1,0,0,0,0,1,1,4713.8,56.4,995.6,276.81195,343.02557,937.8,166519660.0,13.5,22.420197,481.51654,172211.23,1.0,244.6,BenignTraffic,Benign
3.3618603,851099.0,6.0,231.0,194.08861,194.08861,0.0,0,0,0,0,1,0.0,2.0,0.0,24.0,651.5,0,1,0,0,1,0,0,0,0,1,1,363.0,66.0,66.0,66.0,0.0,66.0,0.00089469,5.5,11.489125,0.0,0.0,0.0,38.5,BenignTraffic,Benign
0.0,54.0,6.0,64.0,3.7789366,3.7789366,0.0,1,0,1,0,0,1.0,0.0,1.0,0.0,0.0,0,0,0,0,1,0,0,0,0,1,1,567.0,54.0,54.0,54.0,0.0,54.0,83344770.0,9.5,10.392304,0.0,0.0,0.0,141.55,DDoS-RSTFINFlood,DDoS
34.39052,2349158.5,6.0,114.1,64.390366,64.390366,0.0,0,0,0,0,1,0.0,0.0,0.0,103.8,2214.7,0,1,0,0,1,0,0,0,0,1,1,25568.4,66.0,4410.0,1683.1023,1166.7721,945.4,166522340.0,13.5,57.922665,1654.1611,1370524.8,1.0,244.6,BenignTraffic,Benign
11.4190445,1233058.0,6.0,80.7,96.46165,96.46165,0.0,0,0,0,0,1,0.0,2.0,0.0,41.0,1100.5,0,1,0,0,1,0,0,0,0,1,1,8987.0,66.0,1514.0,545.619,648.28815,1369.2,166518620.0,13.5,32.3586,916.676,429293.9,1.0,244.6,BenignTraffic,Benign
52.213554,705699.6,7.1,101.4,18.09448,18.09448,0.0,0,0,0,0,1,0.0,0.4,0.0,105.1,825.7,0,0,0,0,1,0,0,0,0,1,1,7609.8,54.0,2962.0,505.0549,807.93616,94.0,166524480.0,13.5,31.752848,1144.6647,658228.56,1.0,244.6,BenignTraffic,Benign
0.0,0.0,1.0,64.0,17.091883,17.091883,0.0,0,0,0,0,0,0.0,0.0,0.0,0.0,0.0,0,0,0,0,0,0,0,0,1,1,1,441.0,42.0,42.0,42.0,0.0,42.0,83128870.0,9.5,9.165152,0.0,0.0,0.0,141.55,DDoS-ICMP_Flood,DDoS
113.53841,4687358.0,9.3,183.9,49.681267,49.681267,0.0,0,0,0,0,1,0.0,0.0,0.0,238.1,4547.5,0,1,0,0,1,0,0,0,0,1,1,457.0,62.0,155.0,82.02039,33.812584,89.0,0.0023175,5.5,12.780494,47.818214,1461.8217,0.8,38.5,BenignTraffic,Benign
0.08427264,19161.14,16.89,63.78,15513.23,15513.23,0.0,0,0,0,0,0,0.0,0.08,0.0,0.0,0.05,0,0,0,0,0,1,0,0,0,1,1,525.56,50.0,50.56,50.03341,0.13237137,50.08,83012150.0,9.5,10.003354,0.18780687,0.2526067,0.07,141.55,DoS-UDP_Flood,DoS
29.704626,1012943.0,7.1,166.7,54.96224,54.96224,0.0,0,0,0,0,1,0.0,1.3,0.0,122.2,1037.8,0,1,0,0,1,0,0,0,0,1,1,1977.2,219.8,1514.0,518.4469,489.36563,237.0,0.007267618,5.5,30.667301,692.0675,272967.72,0.9,38.5,BenignTraffic,Benign
0.0,54.0,6.0,64.0,1.7184894,1.7184894,0.0,0,1,0,0,0,0.0,1.0,0.0,0.0,0.0,0,0,0,0,1,0,0,0,0,1,1,567.0,54.0,54.0,54.0,0.0,54.0,83089190.0,9.5,10.392304,0.0,0.0,0.0,141.55,DDoS-SYN_Flood,DDoS
20.91131,1537405.0,6.0,64.0,69.6991,69.6991,0.0,0,0,0,0,1,0.0,0.0,0.0,57.0,1457.5,0,1,0,0,1,0,0,0,0,1,1,23478.0,66.0,4410.0,1514.7356,911.9006,1514.0,166520560.0,13.5,55.040688,1292.5322,842508.75,1.0,244.6,BenignTraffic,Benign
0.000377769,58.05,6.05,63.36,38.324764,38.324764,0.0,0,1,0,0,0,0.0,0.98,0.0,0.0,0.0,0,0,0,0,1,0,0,0,0,1,1,595.25,54.0,82.25,56.02473,7.206311,56.53,83077030.0,9.5,10.574534,10.210412,436.68555,0.29,141.55,DDoS-SYN_Flood,DDoS
1.8324873,1966977.0,17.0,64.0,1937.6873,1937.6873,0.0,0,0,0,0,0,0.0,0.0,0.0,0.0,0.0,0,0,0,0,0,1,0,0,0,1,1,5817.0,554.0,554.0,554.0,0.0,554.0,83784824.0,9.5,33.286633,0.0,0.0,0.0,141.55,Mirai-udpplain,Mirai
160.51851,26892.9,8.2,60.1,12.894595,12.894595,0.0,0,0,0,0,0,0.2,0.7,0.0,107.2,217.0,0,0,0,0,0,0,0,0,0,1,1,2277.7,60.0,441.0,148.68758,116.557625,122.4,166517180.0,13.5,17.25764,165.05579,13678.068,1.0,244.6,BenignTraffic,Benign
0.0,0.0,1.0,64.0,28.480272,28.480272,0.0,0,0,0,0,0,0.0,0.0,0.0,0.0,0.0,0,0,0,0,0,0,0,0,1,1,1,441.0,42.0,42.0,42.0,0.0,42.0,83127784.0,9.5,9.165152,0.0,0.0,0.0,141.55,DDoS-ICMP_Flood,DDoS
0.03036176,54.54,6.0,64.0,7.971616,7.971616,0.0,0,0,0,1,1,0.0,0.0,0.01,1.0,1.01,0,0,0,0,1,0,0,0,0,1,1,567.0,54.0,54.0,54.0,0.0,54.0,83314380.0,9.5,10.392304,0.0,0.0,0.0,141.55,DDoS-PSHACK_Flood,DDoS
0.02185739,7920.0,16.84,65.91,7305.9136,7305.9136,0.0,0,0,0,0,0,0.0,0.0,0.0,0.0,0.0,0,0,0,0,0,1,0,0,0,1,1,526.8,50.0,51.8,50.115574,0.43949935,50.2,83012290.0,9.5,10.011534,0.6230597,2.168371,0.09,141.55,DoS-UDP_Flood,DoS
38.22047,46931.5,6.5,123.8,13.439016,13.439016,0.0,0,0,0,0,1,0.0,1.0,0.0,167.9,342.5,0,1,0,0,1,0,0,0,0,1,1,921.7,60.0,467.5,141.57579,136.36188,193.6,0.010152078,5.5,16.448215,192.84482,28453.715,0.9,38.5,BenignTraffic,Benign
2.0542073,511059.4,6.0,114.1,207.62164,207.62164,0.0,0,0,0,0,1,0.0,2.0,0.0,15.0,425.5,0,1,0,0,1,0,0,0,0,1,1,5865.4,500.4,1658.8,1153.8962,502.93524,1224.4,0.000626397,5.5,47.731117,711.2579,364615.8,0.7,38.5,BenignTraffic,Benign
0.6892611,295.38,6.0,64.0,7.838102,7.838102,0.0,0,1,0,0,0,0.0,5.47,0.0,0.0,0.0,0,0,0,0,1,0,0,0,0,1,1,567.0,54.0,54.0,54.0,0.0,54.0,83361030.0,9.5,10.392304,0.0,0.0,0.0,141.55,DDoS-SynonymousIP_Flood,DDoS
4.3723283,1775991.0,17.0,64.0,734.2459,734.2459,0.0,0,0,0,0,0,0.0,0.0,0.0,0.0,0.0,0,0,0,0,0,1,0,0,0,1,1,5817.0,554.0,554.0,554.0,0.0,554.0,83789210.0,9.5,33.286633,0.0,0.0,0.0,141.55,Mirai-udpplain,Mirai
0.0,0.0,47.0,64.0,37.120197,37.120197,0.0,0,0,0,0,0,0.0,0.0,0.0,0.0,0.0,0,0,0,0,0,0,0,0,0,1,1,6216.0,592.0,592.0,592.0,0.0,592.0,83694130.0,9.5,34.4093,0.0,0.0,0.0,141.55,Mirai-greeth_flood,Mirai
0.0,52.92,5.88,62.72,1.336944,1.336944,0.0,0,1,0,0,0,0.0,0.98,0.0,0.0,0.0,0,0,0,0,1,0,0,0,0,1,1,567.6,54.0,54.6,54.034546,0.13949671,54.12,83088830.0,9.5,10.395654,0.1981864,0.19688043,0.1,141.55,DDoS-SYN_Flood,DDoS
33.407944,51272.1,7.1,115.7,14.018038,14.018038,0.0,0,0,0,0,1,0.1,1.0,0.0,181.6,370.7,0,1,0,0,1,0,0,0,0,1,1,3001.0,54.0,1782.8,184.60773,406.04214,339.3,166522530.0,13.5,18.805546,576.00195,227403.44,1.0,244.6,BenignTraffic,Benign
14.4616,1118526.2,7.1,214.3,82.969215,82.969215,0.0,0,0,0,0,1,0.0,1.8,0.0,33.3,1046.7,0,1,0,0,1,0,0,0,0,1,1,11146.2,55.6,2962.0,743.07855,886.10913,64.4,166518660.0,13.5,38.481594,1255.0121,788568.94,1.0,244.6,BenignTraffic,Benign
78.49327,4202756.0,6.0,231.0,54.27854,54.27854,0.0,0,0,0,0,1,0.0,2.0,0.0,220.0,4259.5,0,1,0,0,1,0,0,0,0,1,1,2961.0,56.0,1514.0,195.6079,355.61508,66.0,166520210.0,13.5,19.76746,503.95648,127797.766,1.0,244.6,BenignTraffic,Benign
0.0,0.0,1.0,65.91,21.26627,21.26627,0.0,0,0,0,0,0,0.0,0.0,0.0,0.0,0.0,0,0,0,0,0,0,0,0,1,1,1,441.0,42.0,42.0,42.0,0.0,42.0,83128740.0,9.5,9.165152,0.0,0.0,0.0,141.55,DDoS-ICMP_Flood,DDoS
0.1296936,30224.19,14.2,91.79,4670.575,4670.575,0.0,0,0,0,0,0,0.0,0.0,0.0,0.01,0.03,0,0,0,0,0,1,0,0,0,1,1,581.93,50.0,72.59,54.005745,5.524459,58.59,83016270.0,9.5,10.357858,7.8402605,295.8438,0.24,141.55,DoS-UDP_Flood,DoS
3.0725803,605669.7,6.0,64.0,180.79242,180.79242,0.0,0,0,0,0,1,0.0,2.0,0.0,16.9,554.5,0,1,0,0,1,0,0,0,0,1,1,28916.7,66.0,8609.9,1803.094,1881.0563,3010.5,166523170.0,13.5,59.59094,2668.7283,4780236.5,1.0,244.6,BenignTraffic,Benign
0.0,54.0,6.0,64.0,87.64243,87.64243,0.0,0,1,0,0,0,0.0,1.0,0.0,0.0,0.0,0,0,0,0,1,0,0,0,0,1,1,567.0,54.0,54.0,54.0,0.0,54.0,83089190.0,9.5,10.392304,0.0,0.0,0.0,141.55,DDoS-SYN_Flood,DDoS
1.1663594,498563.38,17.0,65.91,771.59985,771.59985,0.0,0,0,0,0,0,0.0,0.0,0.0,0.0,0.0,0,0,0,0,0,1,0,0,0,1,1,5762.6,499.6,554.0,548.851,15.478739,550.6,83784580.0,9.5,33.128853,21.915976,1553.9133,0.16,141.55,Mirai-udpplain,Mirai
19.601755,9243.3,8.2,141.2,7.5119047,7.5119047,0.0,0,0,0,0,1,0.0,0.1,0.0,25.3,52.6,0,0,0,0,1,0,0,0,0,1,1,1727.0,54.0,271.0,112.82375,77.614456,76.6,166518140.0,13.5,14.987025,109.76591,6045.9414,1.0,244.6,BenignTraffic,Benign
0.0,54.0,6.0,64.0,1.732416,1.732416,0.0,0,0,0,0,0,0.0,0.0,0.0,0.0,0.0,0,0,0,0,1,0,0,0,0,1,1,567.0,54.0,54.0,54.0,0.0,54.0,83067420.0,9.5,10.392304,0.0,0.0,0.0,141.55,DDoS-TCP_Flood,DDoS
0.051662177,25876.88,17.0,63.68,10019.844,10019.844,0.0,0,0,0,0,0,0.0,0.0,0.0,0.0,0.0,0,0,0,0,0,1,0,0,0,1,1,715.28,50.0,189.68,63.77818,37.580753,66.24,83033290.0,9.5,10.975346,53.236195,11927.681,0.12,141.55,DoS-UDP_Flood,DoS
0.35161313,87.28,6.0,64.0,3.1542575,3.1542575,0.0,0,1,0,0,0,0.0,1.49,0.09,0.0,0.49,0,0,0,0,1,0,0,0,0,1,1,587.64,55.6,56.4,56.118935,0.35758787,55.6,82972616.0,9.5,10.593031,0.5054968,0.65272874,0.2,141.55,DoS-SYN_Flood,DoS
0.0,0.0,47.0,64.0,7.481025,7.481025,0.0,0,0,0,0,0,0.0,0.0,0.0,0.0,0.0,0,0,0,0,0,0,0,0,0,1,1,6069.0,578.0,578.0,578.0,0.0,578.0,83646616.0,9.5,34.0,0.0,0.0,0.0,141.55,Mirai-greip_flood,Mirai
0.005487559,64.04,6.0,64.0,15.739576,15.739576,0.0,0,0,0,0,0,0.01,0.02,0.0,0.02,0.07,0,0,0,0,1,0,0,0,0,1,1,570.24,54.0,57.24,54.37107,0.94537187,54.24,83067420.0,9.5,10.427683,1.3387742,3.5562842,0.27,141.55,DDoS-TCP_Flood,DDoS
13.973945,613606.0,6.0,214.3,227.145,227.145,0.0,0,0,0,0,1,0.0,1.8,0.0,18.4,496.2,0,1,0,0,1,0,0,0,0,1,1,379.2,66.0,82.2,68.28321,5.582503,68.7,0.001761007,5.5,11.684916,7.894851,52.449966,0.6,38.5,BenignTraffic,Benign
75.37099,4948753.5,6.0,214.8,65.94297,65.94297,0.0,0,0,0,0,1,0.0,1.8,0.0,243.7,4691.2,0,1,0,0,1,0,0,0,0,1,1,363.0,66.0,66.0,66.0,0.0,66.0,0.003635192,5.5,11.489125,0.0,0.0,0.0,38.5,BenignTraffic,Benign
26.45028,196843.9,5.8,44.3,35.934578,35.934578,0.0,0,0,0,0,0,0.0,0.4,0.0,88.2,322.1,0,0,0,0,0,0,0,0,0,1,1,16771.1,61.2,4410.0,1115.8209,1425.1307,630.0,166524100.0,13.5,47.18093,2018.4415,2041538.8,1.0,244.6,BenignTraffic,Benign
0.0,0.0,1.0,64.0,2.4764555,2.4764555,0.0,0,0,0,0,0,0.0,0.0,0.0,0.0,0.0,0,0,0,0,0,0,0,0,1,1,1,441.0,42.0,42.0,42.0,0.0,42.0,83150190.0,9.5,9.165152,0.0,0.0,0.0,141.55,DDoS-ICMP_Flood,DDoS
52.85248,20448.9,9.3,130.9,5.897398,5.897398,0.0,0,0,0,0,1,0.0,0.4,0.0,55.5,115.5,0,0,0,0,1,0,0,0,0,1,1,1404.7,61.2,822.0,271.55435,277.36377,209.3,0.008203793,5.5,22.75929,392.2516,88168.46,0.9,38.5,BenignTraffic,Benign
12.792828,19221.3,12.6,119.0,24.546473,24.546473,0.0,0,0,0,0,0,0.0,0.0,0.0,64.3,132.6,0,0,0,0,0,1,0,0,0,1,1,650.4,56.8,206.2,114.848015,56.30555,128.6,0.0203197,5.5,15.087221,79.628075,3566.3057,0.9,38.5,BenignTraffic,Benign
35.081326,48343.6,9.2,61.4,18.202614,18.202614,0.0,0,0,0,0,0,0.0,0.0,0.0,159.6,330.6,0,0,0,0,0,0,0,0,0,1,1,454.4,46.0,136.0,78.60528,30.749819,85.9,0.020678496,5.5,12.4756775,43.486813,1136.6511,0.9,38.5,BenignTraffic,Benign
41.555256,23620.4,6.5,144.9,7.648544,7.648544,0.0,0,0,0,0,1,0.0,0.6,0.0,88.7,179.4,0,1,0,0,1,0,0,0,0,1,1,1335.8,60.0,717.3,189.24886,210.30826,445.6,0.013657904,5.5,18.552816,297.4208,90295.81,0.9,38.5,BenignTraffic,Benign
60.14048,722342.2,6.5,53.6,9.082098,9.082098,0.0,0,0,0,0,1,0.1,0.8,0.0,92.4,806.9,0,1,0,0,1,0,0,0,0,1,1,15131.9,53.0,2962.0,1008.5248,931.4147,338.1,166524450.0,13.5,44.817474,1319.2194,870335.56,1.0,244.6,BenignTraffic,Benign
0.0,54.0,6.0,64.0,13.300514,13.300514,0.0,0,0,0,0,0,0.0,0.0,0.0,0.0,0.0,0,0,0,0,1,0,0,0,0,1,1,567.0,54.0,54.0,54.0,0.0,54.0,83034070.0,9.5,10.392304,0.0,0.0,0.0,141.55,DDoS-TCP_Flood,DDoS
21.804508,405511.2,9.3,83.1,48.53134,48.53134,0.0,0,0,0,0,1,0.0,0.8,0.0,36.0,398.3,0,0,0,0,1,0,0,0,0,1,1,2159.0,60.6,988.8,280.3212,330.76453,794.6,0.026471281,5.5,21.348879,467.7717,257082.08,0.9,38.5,BenignTraffic,Benign
38.373405,2728339.2,4.9,108.0,64.02164,64.02164,0.0,0,0,0,0,1,0.0,1.6,0.0,110.4,2456.4,0,1,0,0,1,0,0,0,0,1,1,10381.4,60.0,3541.2,644.99677,960.3263,1079.0,166521470.0,13.5,35.685066,1360.433,985765.94,1.0,244.6,BenignTraffic,Benign
6.827709,5381573.0,6.0,64.0,784.52374,784.52374,0.0,0,0,0,0,1,0.0,0.0,0.0,1751.0,5356.5,0,1,0,0,1,0,0,0,0,1,1,363.0,66.0,66.0,66.0,0.0,66.0,3.98e-06,5.5,11.489125,0.0,0.0,0.0,38.5,MITM-ArpSpoofing,Spoofing
0.14400701,8798.4,6.0,94.2,31.569393,31.569393,0.0,0,0,0,0,0,0.0,0.7,0.8,0.8,8.6,0,0,0,0,1,0,0,0,0,1,1,2592.6,54.0,1494.0,171.27829,357.73145,57.2,166846600.0,13.5,18.498318,506.9714,129396.67,1.0,244.6,Recon-HostDiscovery,Recon
0.0,54.0,6.0,64.0,1.4982272,1.4982272,0.0,0,1,0,0,0,0.0,1.0,0.0,0.0,0.0,0,0,0,0,1,0,0,0,0,1,1,567.0,54.0,54.0,54.0,0.0,54.0,83089700.0,9.5,10.392304,0.0,0.0,0.0,141.55,DDoS-SYN_Flood,DDoS
0.009786003,2981.0,17.0,64.0,5993.9004,5993.9004,0.0,0,0,0,0,0,0.0,0.0,0.0,0.0,0.0,0,0,0,0,0,1,0,0,0,1,1,525.0,50.0,50.0,50.0,0.0,50.0,83106670.0,9.5,10.0,0.0,0.0,0.0,141.55,DDoS-UDP_Flood,DDoS
31.94798,52415.1,14.8,101.9,27.76356,27.76356,0.0,0,0,0,0,0,0.0,0.0,0.0,150.8,317.5,0,0,1,0,0,1,0,0,0,1,1,2089.1,66.0,346.6,134.67836,92.46253,140.8,166522030.0,13.5,16.424356,131.04054,8622.357,1.0,244.6,BenignTraffic,Benign
79.02051,606436.6,6.0,96.4,36.499046,36.499046,0.0,0,0,0,0,1,0.5,0.8,0.0,447.4,1332.1,0,1,0,0,1,0,0,0,0,1,1,1509.0,66.0,230.0,97.273506,50.26749,93.0,166525120.0,13.5,13.959268,71.18915,2535.4531,1.0,244.6,BenignTraffic,Benign
0.01637556,5.53,46.59,65.68,2.651714,2.651714,0.0,0,0,0,0,0,0.0,0.0,0.0,0.03,0.05,0,0,0,0,0,0,0,0,0,1,1,6178.34,554.34,592.0,589.7533,8.901974,586.62,83681550.0,9.5,34.342663,12.6300125,1142.4296,0.07,141.55,Mirai-greeth_flood,Mirai
232.66063,73153.1,11.0,62.2,39.981808,39.981808,0.0,0,0,0,0,0,0.1,0.8,0.0,3.2,59.4,0,0,0,0,0,0,0,0,0,1,1,1473.2,54.0,520.5,94.83891,111.351036,117.2,166428940.0,13.5,13.760593,157.84142,13913.827,0.9,244.6,Recon-PortScan,Recon
39.38854,2530.8,13.7,79.3,4.4058447,4.4058447,0.0,0,0,0,0,0,0.0,0.1,0.0,9.0,20.5,0,0,1,0,0,1,0,0,0,1,1,1758.3,50.0,204.0,113.71818,51.559376,111.0,166516560.0,13.5,15.092529,73.00736,2669.5625,1.0,244.6,BenignTraffic,Benign
0.0,0.0,44.69,71.0,30.834236,30.834236,0.0,0,0,0,0,0,0.0,0.0,0.0,0.0,0.0,0,0,0,0,0,0,0,0,0,1,1,6006.5,434.7,592.0,575.59314,46.82668,565.8,83693750.0,9.5,33.916508,66.364685,7559.28,0.3,141.55,Mirai-greeth_flood,Mirai
6.638642,8161607.5,6.0,58.5,557.4183,557.4183,0.0,0,0,0,0,1,0.0,0.0,0.0,16.0,3700.5,1,0,0,0,1,0,0,0,0,1,1,23901.4,66.0,4410.0,1543.0355,1579.6604,1514.0,166523940.0,13.5,55.254116,2222.1145,2470140.0,1.0,244.6,BenignTraffic,Benign
5.711974,108.0,6.0,64.0,0.3501416,0.3501416,0.0,0,0,0,0,0,0.0,0.0,0.0,0.0,0.0,0,0,0,0,1,0,0,0,0,1,1,567.0,54.0,54.0,54.0,0.0,54.0,82955800.0,9.5,10.392304,0.0,0.0,0.0,141.55,DoS-TCP_Flood,DoS
14.086852,72354.3,7.1,64.0,32.045048,32.045048,0.0,0,0,0,0,1,0.0,1.6,0.0,120.9,270.0,0,1,0,0,1,0,0,0,0,1,1,8971.0,1261.3,2527.6,1634.389,407.1455,1406.1,0.004122519,5.5,57.1154,575.7907,240882.66,0.7,38.5,BenignTraffic,Benign
2.285793,855741.6,6.0,164.8,323.5192,323.5192,0.0,0,0,0,0,1,0.0,2.0,0.0,21.0,738.5,0,1,0,0,1,0,0,0,0,1,1,20860.6,66.0,6582.0,1297.4484,1833.3351,2527.6,166526140.0,13.5,50.196552,2597.441,4300598.0,1.0,244.6,BenignTraffic,Benign
45.865025,361331.3,7.1,82.3,37.58171,37.58171,0.0,0,0,0,0,1,0.0,0.6,0.0,218.3,688.2,0,1,0,0,1,0,0,0,0,1,1,4466.4,118.4,1526.8,694.0188,552.9156,1050.2,0.009723115,5.5,36.273064,781.94073,390013.44,0.9,38.5,BenignTraffic,Benign
79.2041,182902.0,9.3,62.0,13.467027,13.467027,0.0,0,0,0,0,1,0.0,0.0,0.0,503.7,1066.8,0,1,0,0,1,0,0,0,0,1,1,2173.6,250.2,1474.0,557.5898,450.00266,256.2,0.017276907,5.5,32.00382,636.39984,227950.84,0.9,38.5,BenignTraffic,Benign
7.4021816,254064.2,6.0,147.6,101.69551,101.69551,0.0,0,0,0,0,1,0.0,1.8,0.0,60.3,302.5,0,1,0,0,1,0,0,0,0,1,1,14178.0,66.0,1514.0,928.9304,699.47156,525.0,166519250.0,13.5,43.153923,988.8813,489127.0,1.0,244.6,BenignTraffic,Benign
0.66332996,1986733.0,6.0,111.2,3293.792,3293.792,0.0,0,0,0,0,1,0.0,0.0,0.0,334.3,2184.9,1,0,0,0,1,0,0,0,0,1,1,16518.6,66.0,2858.0,1052.8148,982.4506,1462.0,166517700.0,13.5,45.80468,1392.4979,970766.6,1.0,244.6,BenignTraffic,Benign
2.6419845,3892120.8,6.0,64.0,1029.3397,1029.3397,0.0,0,0,0,0,1,0.0,2.0,0.0,243.5,2718.5,0,1,0,0,1,0,0,0,0,1,1,9872.7,1514.0,2382.8,1712.81,334.2542,1996.9,0.000112009,5.5,58.45329,472.70682,188060.86,0.6,38.5,BenignTraffic,Benign
83.54771,5979591.0,6.0,64.0,67.847466,67.847466,0.0,0,0,0,0,1,0.0,2.0,0.0,223.4,5667.5,0,1,0,0,1,0,0,0,0,1,1,8521.0,1514.0,1708.0,1537.23,62.80341,1562.5,0.000410509,5.5,55.445377,88.81744,9893.314,0.4,38.5,BenignTraffic,Benign
29.978592,1968143.4,6.0,64.0,63.128372,63.128372,0.0,0,0,0,0,1,0.0,0.0,0.0,77.0,1892.5,0,1,0,0,1,0,0,0,0,1,1,10933.4,1514.0,2527.6,1888.5839,482.41095,1948.4,0.001115489,5.5,61.3037,682.2321,333165.25,0.7,38.5,BenignTraffic,Benign
0.001673129,745.6,6.0,64.0,11.609421,11.609421,0.0,0,0,0,0,1,0.0,0.0,0.0,0.02,0.54,0,0,0,0,1,0,0,0,0,1,1,9398.8,332.4,1457.0,865.71533,543.1805,926.2,83340424.0,9.5,41.419388,768.0707,310718.8,0.95,141.55,DDoS-ACK_Fragmentation,DDoS
40.937916,74299.8,10.4,105.8,127.01244,127.01244,0.0,0,0,0,0,1,0.0,0.4,0.0,270.0,550.2,0,1,0,0,1,0,0,0,0,1,1,639.2,66.0,182.6,104.03202,40.99483,137.3,0.020866394,5.5,14.325129,57.97545,2401.668,0.9,38.5,BenignTraffic,Benign
81.39801,71685.5,7.1,80.8,5.4033604,5.4033604,0.0,0,0,0,0,1,0.0,0.0,0.0,252.7,515.1,0,0,0,0,1,0,0,0,0,1,1,620.2,76.6,203.5,114.14719,51.208122,135.0,0.0122859,5.5,15.021438,72.41922,3074.906,0.9,38.5,BenignTraffic,Benign
183.46443,18838.9,9.8,201.9,17.389482,17.389482,0.0,0,0,0,0,0,0.0,1.0,0.0,6.7,18.0,0,0,0,0,0,0,0,0,0,1,1,834.5,98.2,230.0,168.16762,56.200714,131.1,0.007676911,5.5,18.249695,79.47981,3957.3286,0.8,38.5,BenignTraffic,Benign
0.0,54.0,6.0,64.0,0.8823878,0.8823878,0.0,0,0,0,0,0,0.0,0.0,0.0,0.0,0.0,0,0,0,0,1,0,0,0,0,1,1,567.0,54.0,54.0,54.0,0.0,54.0,83075896.0,9.5,10.392304,0.0,0.0,0.0,141.55,DDoS-TCP_Flood,DDoS
0.0,0.0,1.0,64.0,2.8622866,2.8622866,0.0,0,0,0,0,0,0.0,0.0,0.0,0.0,0.0,0,0,0,0,0,0,0,0,1,1,1,441.0,42.0,42.0,42.0,0.0,42.0,83129000.0,9.5,9.165152,0.0,0.0,0.0,141.55,DDoS-ICMP_Flood,DDoS
40.246006,2865867.5,8.2,80.7,63.462772,63.462772,0.0,0,0,0,0,1,0.0,0.0,0.0,86.8,2666.8,0,1,0,0,1,0,0,0,0,1,1,21129.4,54.0,3106.8,1376.1519,708.79047,1366.8,166524030.0,13.5,52.1223,965.4327,470158.3,1.0,244.6,BenignTraffic,Benign
0.000886641,1.48,44.71,63.13,25.662518,25.662518,0.0,0,0,0,0,0,0.0,0.02,0.0,0.0,0.01,0,0,0,0,0,0,0,0,0,1,1,5734.26,412.38,578.0,549.02435,59.206646,552.24,83663870.0,9.5,33.097183,83.82595,11595.773,0.32,141.55,Mirai-greip_flood,Mirai
88.69037,146175.7,6.6,103.2,9.490486,9.490486,0.0,0,0,0,0,1,0.0,0.0,0.0,409.1,866.8,0,1,0,0,1,0,0,0,0,1,1,8880.3,62.0,1474.0,590.9459,638.6118,83.7,166523410.0,13.5,34.329296,904.33923,409320.78,1.0,244.6,BenignTraffic,Benign
161.86261,93273.6,12.6,100.1,5.3518424,5.3518424,0.0,0,0,0,0,0,0.0,0.0,0.0,292.9,594.0,0,0,0,0,0,1,0,0,0,1,1,1250.8,50.0,220.4,80.41949,50.27327,82.6,166522420.0,13.5,12.692697,71.218216,2557.734,1.0,244.6,BenignTraffic,Benign
23.618576,1877743.8,7.1,80.7,68.07933,68.07933,0.0,0,0,0,0,1,0.0,1.8,0.0,65.9,1702.8,0,1,0,0,1,0,0,0,0,1,1,10010.4,54.0,2702.2,615.90393,733.2177,1304.0,166521090.0,13.5,34.70263,1037.5438,579829.25,1.0,244.6,BenignTraffic,Benign
17.736307,1041559.0,6.0,63.6,50.9175,50.9175,0.0,0,0,0,0,1,0.0,0.2,0.0,66.7,995.4,0,1,0,0,1,0,0,0,0,1,1,3564.0,75.8,970.8,482.77286,412.67487,953.6,0.021881413,5.5,28.80147,583.6104,268880.03,0.9,38.5,BenignTraffic,Benign
44.032825,58408.5,4.2,69.9,8.6019335,8.6019335,0.0,0,0,0,0,0,0.0,0.0,0.0,156.3,331.3,0,0,0,0,0,0,0,0,0,1,1,2084.9,54.0,345.0,136.0658,106.7266,95.4,166524940.0,13.5,16.458464,150.98724,11444.621,1.0,244.6,BenignTraffic,Benign
22.140121,776137.2,6.5,123.4,35.86098,35.86098,0.0,0,0,0,0,1,0.0,0.0,0.0,98.8,858.8,0,1,0,0,1,0,0,0,0,1,1,6943.4,54.0,2962.0,460.41626,769.70856,98.6,166522220.0,13.5,30.32179,1090.5588,597767.6,1.0,244.6,BenignTraffic,Benign
0.0,54.0,6.0,64.0,65.34456,65.34456,0.0,0,1,0,0,0,0.0,1.0,0.0,0.0,0.0,0,0,0,0,1,0,0,0,0,1,1,567.0,54.0,54.0,54.0,0.0,54.0,83089980.0,9.5,10.392304,0.0,0.0,0.0,141.55,DDoS-SYN_Flood,DDoS
0.0,54.0,6.0,64.0,0.9833475,0.9833475,0.0,0,0,0,1,1,0.0,0.0,0.0,1.0,1.0,0,0,0,0,1,0,0,0,0,1,1,567.0,54.0,54.0,54.0,0.0,54.0,83331304.0,9.5,10.392304,0.0,0.0,0.0,141.55,DDoS-PSHACK_Flood,DDoS
0.35480595,1059019.8,6.0,87.6,2857.5806,2857.5806,0.0,0,0,0,0,1,0.0,0.0,0.0,244.2,1013.9,1,0,0,0,1,0,0,0,0,1,1,4235.8,94.0,2028.8,616.8475,756.63165,920.4,8.83e-05,5.5,32.765335,1070.0388,821284.8,0.7,38.5,BenignTraffic,Benign
38.420074,70988.4,7.1,76.5,17.245693,17.245693,0.0,0,0,0,0,1,0.7,1.0,0.0,182.6,393.7,0,1,0,0,1,0,0,0,0,1,1,557.9,66.0,184.0,97.74107,45.549118,101.1,0.02053969,5.5,13.945557,64.41618,2391.5903,0.9,38.5,BenignTraffic,Benign
0.0,54.0,6.0,64.0,13.640612,13.640612,0.0,0,0,0,0,0,0.0,0.0,0.0,0.0,0.0,0,0,0,0,1,0,0,0,0,1,1,567.0,54.0,54.0,54.0,0.0,54.0,83072380.0,9.5,10.392304,0.0,0.0,0.0,141.55,DDoS-TCP_Flood,DDoS
69.09843,621392.2,7.1,63.2,35.729343,35.729343,0.0,0,0,0,0,1,0.0,0.7,0.0,265.0,994.6,0,1,0,0,1,0,0,0,0,1,1,10385.9,1088.6,7306.0,2770.361,2309.6196,1118.0,0.016127396,5.5,70.7707,3266.2954,5998254.0,0.9,38.5,BenignTraffic,Benign
0.0,54.0,6.0,64.0,0.7913005,0.7913005,0.0,0,1,0,0,0,0.0,1.0,0.0,0.0,0.0,0,0,0,0,1,0,0,0,0,1,1,567.0,54.0,54.0,54.0,0.0,54.0,83077020.0,9.5,10.392304,0.0,0.0,0.0,141.55,DDoS-SYN_Flood,DDoS
1.2959934,348861.28,16.83,63.36,210.53056,210.53056,0.0,0,0,0,0,0,0.0,0.0,0.0,0.0,0.0,0,0,0,0,0,0,0,0,0,1,1,9565.86,309.26,1479.44,908.1197,550.40765,920.42,83370900.0,9.5,42.46098,778.4026,319114.16,0.95,141.55,DDoS-UDP_Fragmentation,DDoS
0.0,54.0,6.0,64.0,12.026665,12.026665,0.0,0,1,0,0,0,0.0,1.0,0.0,0.0,0.0,0,0,0,0,1,0,0,0,0,1,1,567.0,54.0,54.0,54.0,0.0,54.0,83089730.0,9.5,10.392304,0.0,0.0,0.0,141.55,DDoS-SYN_Flood,DDoS
14.913351,108.0,6.0,64.0,0.13410802,0.13410802,0.0,0,1,0,0,0,0.0,2.0,0.0,0.0,0.0,0,0,0,0,1,0,0,0,0,1,1,567.0,54.0,54.0,54.0,0.0,54.0,82976850.0,9.5,10.392304,0.0,0.0,0.0,141.55,DoS-SYN_Flood,DoS
1.4349838,108.0,6.0,64.0,1.6825027,1.6825027,0.0,0,1,0,0,0,0.0,2.0,0.0,0.0,0.0,0,0,0,0,1,0,0,0,0,1,1,567.0,54.0,54.0,54.0,0.0,54.0,83365480.0,9.5,10.392304,0.0,0.0,0.0,141.55,DDoS-SynonymousIP_Flood,DDoS
38.01598,2196648.2,4.8,168.8,71.4861,71.4861,0.0,0,0,0,0,1,0.0,1.4,0.0,209.1,2403.2,0,1,0,0,1,0,0,0,0,1,1,427.8,61.8,138.0,77.815956,27.265121,73.8,0.002765894,5.5,12.456292,38.558704,948.99115,0.8,38.5,BenignTraffic,Benign
1.355558,6742.1,6.0,111.7,23.551277,23.551277,0.0,0,0,0,0,1,0.0,1.8,0.2,9.6,23.8,0,1,0,0,1,0,0,0,0,1,1,5695.2,66.0,3541.2,941.0996,1312.2716,1075.4,0.001198316,5.5,40.60864,1855.8323,2180162.8,0.8,38.5,BenignTraffic,Benign
37.606514,627609.7,12.6,95.9,20.415045,20.415045,0.0,0,0,0,0,0,0.0,0.4,0.0,62.7,651.6,0,0,0,0,0,1,0,0,0,1,1,2602.4,66.0,696.5,156.24254,164.94635,638.0,166523580.0,13.5,16.6912,183.23775,26375.123,1.0,244.6,BenignTraffic,Benign
0.0,53.46,5.94,63.36,2.1204534,2.1204534,0.0,0,1,0,0,0,0.0,0.99,0.0,0.0,0.0,0,1,0,0,1,0,0,0,0,1,1,567.42,54.0,54.42,54.025055,0.099278525,54.06,83094030.0,9.5,10.394727,0.14085516,0.14209126,0.07,141.55,DDoS-SYN_Flood,DDoS
0.009305143,75.6,6.0,64.0,86.573616,86.573616,0.0,0,0,0,1,1,0.0,0.0,0.4,1.0,1.0,1,0,0,0,1,0,0,0,0,1,1,567.0,54.0,54.0,54.0,0.0,54.0,83314880.0,9.5,10.392304,0.0,0.0,0.0,141.55,DDoS-PSHACK_Flood,DDoS
12.162209,27501.0,10.3,46.3,7.853154,7.853154,0.0,0,0,0,0,0,0.0,0.6,0.4,69.7,149.2,0,0,0,0,0,0,0,0,0,1,1,402.6,57.6,87.0,73.475716,12.999048,68.4,0.009849405,5.5,12.11146,18.38343,188.0884,0.9,38.5,BenignTraffic,Benign
20.038252,1034965.3,6.0,64.0,90.754974,90.754974,0.0,0,0,0,0,1,0.0,1.8,0.0,132.0,1102.3,0,1,0,0,1,0,0,0,0,1,1,7919.6,1106.6,1514.0,1468.3561,128.32945,1378.2,0.006903601,5.5,54.17563,181.48524,54981.984,0.3,38.5,BenignTraffic,Benign
5.3857594,440618.1,7.1,78.2,62.097343,62.097343,0.0,0,0,0,0,1,0.2,0.2,0.0,24.7,431.4,0,1,0,0,1,0,0,0,0,1,1,13949.0,54.0,2962.0,897.408,945.4395,1087.4,166525520.0,13.5,42.414383,1338.3009,896953.94,1.0,244.6,BenignTraffic,Benign
51.816,4027842.2,6.0,197.6,75.55699,75.55699,0.0,0,0,0,0,1,0.0,1.9,0.0,126.9,3914.1,0,1,0,0,1,0,0,0,0,1,1,1525.4,66.0,1225.2,205.22571,375.16458,356.4,0.003565288,5.5,18.39324,530.56287,352473.7,0.5,38.5,BenignTraffic,Benign
0.004863379,5.52,1.48,67.83,62.108818,62.108818,0.0,0,0,0,0,0,0.0,0.0,0.0,0.0,0.0,0,0,0,0,0,0,0,0,1,1,1,9332.33,291.33,1467.92,873.0504,550.29834,904.62,83253940.0,9.5,41.59795,778.19653,318926.34,0.95,141.55,DDoS-ICMP_Fragmentation,DDoS
0.047753226,37952.84,16.78,64.0,18924.363,18924.363,0.0,0,0,0,0,0,0.03,0.04,0.0,0.04,0.17,0,0,0,0,0,1,0,0,0,1,1,529.48,50.2,54.32,50.74397,1.275125,50.52,83012440.0,9.5,10.070887,1.7874569,8.271043,0.21,141.55,DoS-UDP_Flood,DoS
29.829117,294064.7,7.6,74.6,64.535995,64.535995,0.0,0,0,0,0,1,0.0,0.8,0.0,111.0,452.0,0,1,0,0,1,0,0,0,0,1,1,5209.2,46.0,2460.2,306.67337,603.08997,818.6,166525650.0,13.5,23.391096,856.38544,559473.56,1.0,244.6,BenignTraffic,Benign
0.56421137,104.76,6.0,64.0,4.270723,4.270723,0.0,0,1,0,0,0,0.0,1.94,0.0,0.0,0.0,0,0,0,0,1,0,0,0,0,1,1,567.0,54.0,54.0,54.0,0.0,54.0,83362450.0,9.5,10.392304,0.0,0.0,0.0,141.55,DDoS-SynonymousIP_Flood,DDoS
0.0,162.0,17.0,64.0,4346.429,4346.429,0.0,0,0,0,0,0,0.0,0.0,0.0,0.0,0.0,0,0,0,0,0,1,0,0,0,1,1,1701.0,162.0,162.0,162.0,0.0,162.0,83007390.0,9.5,18.0,0.0,0.0,0.0,141.55,DoS-UDP_Flood,DoS
0.0,0.0,1.0,64.0,0.7844023,0.7844023,0.0,0,0,0,0,0,0.0,0.0,0.0,0.0,0.0,0,0,0,0,0,0,0,0,1,1,1,10137.0,419.6,1514.0,999.43774,544.13885,938.0,83283940.0,9.5,44.666935,769.4721,311678.8,0.95,141.55,DDoS-ICMP_Fragmentation,DDoS
4.230033,3775787.0,17.0,64.0,1611.2114,1611.2114,0.0,0,0,0,0,0,0.0,0.0,0.0,0.0,0.0,0,0,0,0,0,1,0,0,0,1,1,5817.0,554.0,554.0,554.0,0.0,554.0,83788984.0,9.5,33.286633,0.0,0.0,0.0,141.55,Mirai-udpplain,Mirai
7.582489,351338.8,6.6,104.0,185.63545,185.63545,0.0,0,0,0,0,1,0.0,1.4,0.0,47.2,371.1,0,1,0,0,1,0,0,0,0,1,1,7507.6,66.0,3251.6,1100.565,1145.4456,1527.0,0.001220417,5.5,43.77642,1619.9047,1729231.4,0.8,38.5,BenignTraffic,Benign
7.663735,108.66,6.0,63.77,0.28395256,0.28395256,0.0,0,0,0,0,0,0.0,0.03,0.0,0.0,0.02,0,0,0,0,1,0,0,0,0,1,1,567.76,54.0,54.76,54.10391,0.2382795,54.04,82947510.0,9.5,10.402271,0.33728084,0.32063007,0.19,141.55,DoS-TCP_Flood,DoS
12.977148,970634.2,6.0,180.9,71.47175,71.47175,0.0,0,0,0,0,1,0.0,0.0,0.0,31.0,927.5,0,1,0,0,1,0,0,0,0,1,1,6734.2,500.4,2817.2,1462.573,1008.9386,790.0,0.001058602,5.5,53.153168,1426.8546,1177618.2,0.9,38.5,BenignTraffic,Benign
0.3158067,204.47,6.3,86.19,79958.29,79958.29,0.0,0,0,0,0,0,0.0,0.08,0.01,0.0,0.04,0,0,0,0,0,0,0,0,1,1,1,6127.76,193.22,1128.43,560.6808,397.80695,627.73,83245464.0,9.5,31.597086,562.48883,215625.75,0.95,141.55,DDoS-ICMP_Fragmentation,DDoS
5.0596375,34914.63,6.33,77.67,574.634,574.634,0.0,0,0,0,0,1,0.08,1.32,0.18,13.44,50.85,1,0,0,0,1,0,0,0,0,1,1,1363.65,56.08,412.36,136.92297,127.93202,112.94,83375000.0,9.5,15.242997,180.95795,58586.246,0.93,141.55,DDoS-SlowLoris,DDoS
2.0568557,429080.0,6.0,231.0,183.53111,183.53111,0.0,0,0,0,0,1,0.0,2.0,0.0,15.0,376.5,0,1,0,0,1,0,0,0,0,1,1,1636.0,66.0,679.0,106.99569,152.32907,66.0,166522400.0,13.5,14.630109,215.8898,23475.693,1.0,244.6,BenignTraffic,Benign
45.866558,51833.1,12.6,110.6,6.428426,6.428426,0.0,0,0,0,0,0,0.0,0.0,0.0,142.7,300.7,0,0,0,0,0,1,0,0,0,1,1,1487.8,50.0,230.5,94.93797,55.65575,132.2,166522180.0,13.5,13.6833315,75.7798,2912.2524,1.0,244.6,BenignTraffic,Benign
5.306946,459298.0,6.0,232.0,81.11984,81.11984,0.0,0,0,0,0,1,0.0,0.0,0.0,14.0,430.5,0,1,0,0,1,0,0,0,0,1,1,1007.0,50.0,66.0,64.92996,3.9759624,66.0,166526140.0,13.5,11.3952265,5.63497,15.993278,1.0,244.6,BenignTraffic,Benign
54.51958,3777498.0,6.0,180.9,66.45025,66.45025,0.0,0,0,0,0,1,0.0,0.0,0.0,152.9,3622.9,0,1,0,0,1,0,0,0,0,1,1,3345.0,60.0,1514.0,213.19092,419.2505,364.6,166524030.0,13.5,20.624182,594.45605,178199.05,1.0,244.6,BenignTraffic,Benign
0.0,0.0,1.0,64.0,108.41777,108.41777,0.0,0,0,0,0,0,0.0,0.0,0.0,0.0,0.0,0,0,0,0,0,0,0,0,1,1,1,441.0,42.0,42.0,42.0,0.0,42.0,83150056.0,9.5,9.165152,0.0,0.0,0.0,141.55,DDoS-ICMP_Flood,DDoS
1.2539259,1870143.8,6.0,87.6,975.6994,975.6994,0.0,0,0,0,0,1,0.0,0.0,0.0,20.0,1223.5,1,0,0,0,1,0,0,0,0,1,1,6645.0,66.0,2299.6,1022.7032,1007.0559,1462.0,0.000134993,5.5,42.38493,1424.1921,1271190.6,0.8,38.5,BenignTraffic,Benign
88.082924,60118.7,5.4,56.8,3.7917976,3.7917976,0.0,0,0,0,1,1,0.0,0.0,0.0,198.9,405.0,0,0,0,0,1,0,0,0,0,1,1,1857.1,50.0,286.0,117.881035,65.77984,207.2,166523680.0,13.5,15.128591,79.7048,3198.3599,1.0,244.6,BenignTraffic,Benign
96.637436,24960.4,7.1,63.9,96.31782,96.31782,0.0,0,0,0,0,1,0.1,1.6,0.0,16.0,38.6,0,1,0,0,1,0,0,0,0,1,1,10509.8,1082.3,2960.5,2207.0176,734.7439,1375.8,0.006197119,5.5,65.852264,1039.0848,791426.25,0.9,38.5,BenignTraffic,Benign
5.5584908,82.32,16.67,65.27,0.35261416,0.35261416,0.0,0,0,0,0,0,0.0,0.0,0.0,0.0,0.0,0,0,0,0,0,1,0,0,0,1,1,443.44,42.0,44.44,42.17238,0.6188889,42.46,83003520.0,9.5,9.182341,0.7903017,2.635749,0.12,141.55,DoS-UDP_Flood,DoS
0.16219842,28352.0,17.0,64.0,4564.6685,4564.6685,0.0,0,0,0,0,0,0.0,0.0,0.0,0.0,0.0,0,0,0,0,0,1,0,0,0,1,1,525.0,50.0,50.0,50.0,0.0,50.0,83098910.0,9.5,10.0,0.0,0.0,0.0,141.55,DDoS-UDP_Flood,DDoS
22.810825,5837986.5,6.0,57.6,201.02298,201.02298,0.0,0,0,0,0,1,0.0,0.0,0.0,1749.4,4585.5,0,1,0,0,1,0,0,0,0,1,1,8697.4,66.0,2382.8,512.0446,795.76086,1658.8,166612640.0,13.5,30.14683,1127.7915,801763.25,0.8,244.6,MITM-ArpSpoofing,Spoofing
0.0,54.0,6.0,64.0,3.4974356,3.4974356,0.0,1,0,1,0,0,1.0,0.0,1.0,0.0,0.0,0,0,0,0,1,0,0,0,0,1,1,567.0,54.0,54.0,54.0,0.0,54.0,83348140.0,9.5,10.392304,0.0,0.0,0.0,141.55,DDoS-RSTFINFlood,DDoS
0.0,54.0,6.0,64.0,195.37015,195.37015,0.0,0,1,0,0,0,0.0,1.0,0.0,0.0,0.0,0,1,0,0,1,0,0,0,0,1,1,567.0,54.0,54.0,54.0,0.0,54.0,83094024.0,9.5,10.392304,0.0,0.0,0.0,141.55,DDoS-SYN_Flood,DDoS
0.0,162.0,17.0,64.0,1.3222349,1.3222349,0.0,0,0,0,0,0,0.0,0.0,0.0,0.0,0.0,0,0,0,0,0,1,0,0,0,1,1,1701.0,162.0,162.0,162.0,0.0,162.0,83008120.0,9.5,18.0,0.0,0.0,0.0,141.55,DoS-UDP_Flood,DoS
0.0,54.0,6.0,64.0,1.7367301,1.7367301,0.0,0,0,0,0,0,0.0,0.0,0.0,0.0,0.0,0,1,0,0,1,0,0,0,0,1,1,567.0,54.0,54.0,54.0,0.0,54.0,83076360.0,9.5,10.392304,0.0,0.0,0.0,141.55,DDoS-TCP_Flood,DDoS
0.0,757.0,5.94,63.36,21.303894,21.303894,0.0,0,0,0,0,0,0.0,0.0,0.0,0.0,0.5,0,0,0,0,0,0,0,0,0,1,1,9837.32,390.52,1479.8,930.91815,538.86206,940.86,83340696.0,9.5,42.987225,762.01276,305674.62,0.95,141.55,DDoS-ACK_Fragmentation,DDoS
4.037898,281135.2,17.0,74.8,110.51762,110.51762,0.0,0,0,0,0,0,0.0,0.0,0.0,0.0,0.0,0,0,0,0,0,1,0,0,0,1,1,6404.3,58.8,930.0,422.98087,356.2164,146.9,166610450.0,13.5,29.05629,504.72998,127519.695,1.0,244.6,MITM-ArpSpoofing,Spoofing
0.0,0.0,47.0,64.0,8.3421335,8.3421335,0.0,0,0,0,0,0,0.0,0.0,0.0,0.0,0.0,0,0,0,0,0,0,0,0,0,1,1,6216.0,592.0,592.0,592.0,0.0,592.0,83681060.0,9.5,34.4093,0.0,0.0,0.0,141.55,Mirai-greeth_flood,Mirai
6.85409,108.0,6.0,64.0,0.29179657,0.29179657,0.0,0,0,0,0,0,0.0,0.0,0.0,0.0,0.0,0,0,0,0,1,0,0,0,0,1,1,567.0,54.0,54.0,54.0,0.0,54.0,82951544.0,9.5,10.392304,0.0,0.0,0.0,141.55,DoS-TCP_Flood,DoS
33.16889,389283.3,6.0,163.7,167.45099,167.45099,0.0,0,0,0,0,1,0.0,1.4,0.0,201.7,710.2,0,1,0,0,1,0,0,0,0,1,1,461.4,66.0,146.4,77.52726,26.598707,95.1,0.003075981,5.5,12.401315,37.616253,1771.2766,0.4,38.5,BenignTraffic,Benign
18.097237,1056440.5,7.1,81.2,54.22484,54.22484,0.0,0,0,0,0,1,0.2,0.2,0.0,47.1,1070.8,0,1,0,0,1,0,0,0,0,1,1,7387.4,500.4,2817.2,1481.3795,798.4033,1239.2,0.009469199,5.5,54.080803,1129.1128,719213.94,0.9,38.5,BenignTraffic,Benign
0.0,0.0,1.0,64.0,30.340118,30.340118,0.0,0,0,0,0,0,0.0,0.0,0.0,0.0,0.0,0,0,0,0,0,0,0,0,1,1,1,441.0,42.0,42.0,42.0,0.0,42.0,83124620.0,9.5,9.165152,0.0,0.0,0.0,141.55,DDoS-ICMP_Flood,DDoS
0.0,54.0,6.0,64.0,2.0878022,2.0878022,0.0,1,0,1,0,0,1.0,0.0,1.0,0.0,0.0,0,0,0,0,1,0,0,0,0,1,1,567.0,54.0,54.0,54.0,0.0,54.0,83344260.0,9.5,10.392304,0.0,0.0,0.0,141.55,DDoS-RSTFINFlood,DDoS
2.0831115,290164.0,6.0,64.0,118.33123,118.33123,0.0,0,0,0,0,1,0.0,2.0,0.0,12.0,245.5,0,1,0,0,1,0,0,0,0,1,1,19099.0,50.0,2962.0,1221.8806,943.9485,1514.0,166525900.0,13.5,49.39844,1337.7762,901066.06,1.0,244.6,BenignTraffic,Benign
15.9103155,205506.8,7.1,170.6,90.52577,90.52577,0.0,0,0,0,0,1,0.0,1.6,0.0,137.8,369.8,0,1,0,0,1,0,0,0,0,1,1,2006.2,214.4,1514.0,513.4389,512.1779,368.2,0.001579499,5.5,30.534029,724.329,297492.66,0.9,38.5,BenignTraffic,Benign
0.0,54.0,6.0,64.0,1.753568,1.753568,0.0,0,1,0,0,0,0.0,1.0,0.0,0.0,0.0,0,0,0,0,1,0,0,0,0,1,1,567.0,54.0,54.0,54.0,0.0,54.0,83093224.0,9.5,10.392304,0.0,0.0,0.0,141.55,DDoS-SYN_Flood,DDoS
0.0,54.0,6.0,64.0,30.550243,30.550243,0.0,1,0,1,0,0,1.0,0.0,1.0,0.0,0.0,0,0,0,0,1,0,0,0,0,1,1,567.0,54.0,54.0,54.0,0.0,54.0,83344220.0,9.5,10.392304,0.0,0.0,0.0,141.55,DDoS-RSTFINFlood,DDoS
0.00022593,5.01,45.64,63.95,90.36134,90.36134,0.0,0,0,0,0,0,0.0,0.0,0.0,0.0,0.0,0,0,0,0,0,0,0,0,0,1,1,5971.52,498.52,578.0,572.2728,19.926884,561.15,83573940.0,9.5,33.827667,28.28647,2177.1753,0.19,141.55,Mirai-greip_flood,Mirai
0.9194983,1958221.2,6.0,123.0,1873.7147,1873.7147,0.0,0,0,0,0,1,0.0,0.0,0.0,22.2,1722.2,1,0,0,0,1,0,0,0,0,1,1,364.2,66.0,67.2,66.12,0.36,67.2,0.000297403,5.5,11.499523,0.5091169,1.296,0.1,38.5,BenignTraffic,Benign
0.77375245,911599.0,6.0,111.2,779.3419,779.3419,0.0,0,0,0,0,1,0.0,0.2,0.0,7.3,604.2,1,0,0,0,1,0,0,0,0,1,1,15283.9,66.0,2858.0,1014.85944,1309.6211,348.3,166517700.0,13.5,44.657898,1845.018,1705282.6,1.0,244.6,BenignTraffic,Benign
0.030419493,90.0,6.0,50.3,44.73612,44.73612,0.0,0,1,0,0,0,0.0,0.9,0.7,0.0,0.7,0,0,0,0,1,0,0,0,0,1,1,315.0,54.0,57.6,56.82841,1.3888043,57.6,0.000492501,5.5,10.660531,1.964066,2.2067208,0.9,38.5,Recon-HostDiscovery,Recon
25.993372,698612.4,7.1,63.6,49.506676,49.506676,0.0,0,0,0,0,1,0.0,1.2,0.0,123.7,832.0,0,1,0,0,1,0,0,0,0,1,1,19126.0,66.0,10009.4,2751.28,3339.8594,3632.0,0.028885007,5.5,69.08701,4723.2744,16634996.0,0.9,38.5,BenignTraffic,Benign
63.87638,141742.5,8.2,62.5,11.182533,11.182533,0.0,0,0,0,0,1,0.0,0.0,0.0,392.6,823.0,0,1,0,0,1,0,0,0,0,1,1,5132.1,602.4,1474.0,1095.5948,382.30972,658.7,0.007438707,5.5,46.29163,540.6676,231034.8,0.7,38.5,BenignTraffic,Benign
2.0136025,574926.0,6.0,232.0,245.08139,245.08139,0.0,0,0,0,0,1,0.0,2.0,0.0,17.0,492.5,0,1,0,0,1,0,0,0,0,1,1,4727.0,60.0,2320.0,313.71292,643.1268,66.0,166518180.0,13.5,25.020163,911.3814,417864.0,1.0,244.6,BenignTraffic,Benign
0.0,0.0,47.0,64.0,8.696204,8.696204,0.0,0,0,0,0,0,0.0,0.0,0.0,0.0,0.0,0,0,0,0,0,0,0,0,0,1,1,6069.0,578.0,578.0,578.0,0.0,578.0,83581810.0,9.5,34.0,0.0,0.0,0.0,141.55,Mirai-greip_flood,Mirai
5.4426184,5486299.5,6.0,57.0,868.665,868.665,0.0,0,0,0,0,1,0.0,0.0,0.0,18.0,4728.9,0,1,0,0,1,0,0,0,0,1,1,21214.2,2962.0,4265.2,3779.6028,623.5112,3830.8,0.000329304,5.5,86.874626,881.778,432642.22,0.9,38.5,MITM-ArpSpoofing,Spoofing
22.441374,181.04,6.0,96.47,0.14869207,0.14869207,0.0,0,1,0,0,0,0.0,3.17,0.17,0.0,0.17,0,0,0,0,1,0,0,0,0,1,1,573.12,54.0,54.68,54.46827,0.29230067,54.68,82977530.0,9.5,10.436743,0.41380385,0.5093142,0.17,141.55,DoS-SYN_Flood,DoS
0.07276407,118.9,6.0,64.0,6.3480196,6.3480196,0.0,0,1,0,0,0,0.03,0.98,0.0,0.16,0.47,1,0,0,0,1,0,0,0,0,1,1,569.07,54.0,56.07,54.10915,0.46250924,54.69,83090050.0,9.5,10.402805,0.65930927,7.2458673,0.03,141.55,DDoS-SYN_Flood,DDoS
19.664885,146040.2,6.0,167.4,100.190506,100.190506,0.0,0,0,0,0,1,0.0,1.6,0.0,176.1,439.4,0,1,0,0,1,0,0,0,0,1,1,1460.5,56.1,393.7,92.842064,82.09142,117.1,166518510.0,13.5,13.620103,116.36011,7611.1733,1.0,244.6,BenignTraffic,Benign
5.2222466,651.5,6.0,80.8,19.87911,19.87911,0.0,0,0,0,0,1,0.0,1.6,0.0,1.4,5.1,0,1,0,0,1,0,0,0,0,1,1,17727.3,54.0,4410.0,1182.9808,1292.1434,74.1,166519340.0,13.5,48.547016,1829.7096,1674793.5,1.0,244.6,BenignTraffic,Benign
0.3262213,66.94,42.76,64.0,2.9646213,2.9646213,0.0,0,0,0,0,0,0.0,0.06,0.0,0.01,0.08,0,0,0,0,0,0,0,0,0,1,1,5930.44,454.4,579.32,568.0697,32.6778,563.78,83646504.0,9.5,33.704796,46.196526,4491.4834,0.24,141.55,Mirai-greip_flood,Mirai
50.500538,2386279.2,6.0,131.2,55.395203,55.395203,0.0,0,0,0,0,1,0.0,1.6,0.0,134.8,2279.8,0,1,0,0,1,0,0,0,0,1,1,11172.6,54.0,2238.0,705.9985,759.1947,813.0,166522910.0,13.5,37.563046,1074.615,585969.56,1.0,244.6,BenignTraffic,Benign
0.0,54.0,6.0,64.0,15.542663,15.542663,0.0,0,0,0,0,0,0.0,0.0,0.0,0.0,0.0,0,0,0,0,1,0,0,0,0,1,1,567.0,54.0,54.0,54.0,0.0,54.0,83076200.0,9.5,10.392304,0.0,0.0,0.0,141.55,DDoS-TCP_Flood,DDoS
31.312061,163765.8,13.7,63.6,15.228664,15.228664,0.0,0,0,0,0,0,0.0,0.2,0.0,83.2,281.1,0,0,0,0,0,1,0,0,0,1,1,4705.3,50.0,1514.0,304.9909,516.13745,202.3,166519500.0,13.5,24.734196,731.31354,267804.12,1.0,244.6,BenignTraffic,Benign
37.969547,2053030.8,5.5,201.7,49.611145,49.611145,0.0,0,0,0,0,1,0.0,0.0,0.0,188.4,2264.1,0,1,0,0,1,0,0,0,0,1,1,1041.7,43.0,111.0,66.796104,13.998552,74.3,166522370.0,13.5,11.557352,19.87155,260.08896,1.0,244.6,BenignTraffic,Benign
3.4172986,97557.8,5.5,147.6,29.183247,29.183247,0.0,0,0,0,0,1,0.0,0.2,0.0,13.2,116.9,0,1,0,0,1,0,0,0,0,1,1,8365.8,66.0,1514.0,555.56964,612.7566,95.0,166517580.0,13.5,33.299988,867.7483,377123.78,1.0,244.6,BenignTraffic,Benign
0.029818745,10196.86,17.0,64.64,6822.2915,6822.2915,0.0,0,0,0,0,0,0.0,0.0,0.0,0.0,0.0,0,0,0,0,0,1,0,0,0,1,1,531.12,50.0,56.12,50.635185,1.7948098,50.36,83098600.0,9.5,10.062172,2.5409691,19.851036,0.17,141.55,DDoS-UDP_Flood,DDoS
0.0,56.9,6.11,64.0,25.908278,25.908278,0.0,0,1,0,0,0,0.0,0.99,0.0,0.0,0.0,1,0,0,0,1,0,0,0,0,1,1,578.6,54.0,65.6,54.62933,2.6262324,56.9,83094090.0,9.5,10.4496355,3.736003,174.55414,0.04,141.55,DDoS-SYN_Flood,DDoS
0.0,0.0,1.0,64.0,29.615562,29.615562,0.0,0,0,0,0,0,0.0,0.0,0.0,0.0,0.0,0,0,0,0,0,0,0,0,1,1,1,441.0,42.0,42.0,42.0,0.0,42.0,83132070.0,9.5,9.165152,0.0,0.0,0.0,141.55,DDoS-ICMP_Flood,DDoS
0.0,54.0,6.0,64.0,12.094895,12.094895,0.0,1,0,1,0,0,1.0,0.0,1.0,0.0,0.0,0,0,0,0,1,0,0,0,0,1,1,567.0,54.0,54.0,54.0,0.0,54.0,83348344.0,9.5,10.392304,0.0,0.0,0.0,141.55,DDoS-RSTFINFlood,DDoS
6.1417007,4221.5,6.0,151.5,31.465431,31.465431,0.0,0,0,0,0,1,0.5,1.5,0.0,3.5,9.3,0,1,0,0,1,0,0,0,0,1,1,1728.3,97.9,1167.4,345.76666,388.85532,232.3,0.019550895,5.5,25.967264,549.9245,178816.08,0.9,38.5,BenignTraffic,Benign
33.714264,1650072.2,6.0,164.4,69.0064,69.0064,0.0,0,0,0,0,1,0.0,1.6,0.0,203.5,1836.9,0,1,0,0,1,0,0,0,0,1,1,8744.2,66.0,4149.2,556.6654,1145.5648,820.7,166523220.0,13.5,33.050087,1623.6985,1396759.1,1.0,244.6,BenignTraffic,Benign
0.0,54.0,6.0,64.0,623.1632,623.1632,0.0,0,0,0,0,0,0.0,0.0,0.0,0.0,0.0,0,1,0,0,1,0,0,0,0,1,1,567.0,54.0,54.0,54.0,0.0,54.0,82956240.0,9.5,10.392304,0.0,0.0,0.0,141.55,DoS-TCP_Flood,DoS
0.0,54.0,6.0,64.0,2.937306,2.937306,0.0,0,0,0,0,0,0.0,0.0,0.0,0.0,0.0,0,0,0,0,1,0,0,0,0,1,1,567.0,54.0,54.0,54.0,0.0,54.0,83072370.0,9.5,10.392304,0.0,0.0,0.0,141.55,DDoS-TCP_Flood,DDoS
0.15763679,36861.0,16.84,65.91,4658.0513,4658.0513,0.0,0,0,0,0,0,0.0,0.0,0.0,0.0,0.0,0,0,0,0,0,1,0,0,0,1,1,526.8,50.0,51.8,50.115574,0.43949935,50.2,83102024.0,9.5,10.011534,0.6230597,2.168371,0.09,141.55,DDoS-UDP_Flood,DDoS
25.10839,617440.1,8.2,90.7,35.44767,35.44767,0.0,0,0,0,0,0,0.0,0.6,0.0,186.3,889.2,0,0,0,0,0,0,0,0,0,1,1,10293.6,64.2,1514.0,685.3414,662.1243,217.5,166524210.0,13.5,36.96684,937.4234,439508.2,1.0,244.6,BenignTraffic,Benign
0.9117143,132504.4,6.0,247.0,244.04097,244.04097,0.0,0,0,0,0,1,0.0,2.0,0.0,38.8,221.5,0,1,0,0,1,0,0,0,0,1,1,9359.4,1494.0,2636.4,1698.0566,424.40317,1636.8,0.000518012,5.5,58.227207,600.1967,230264.77,0.8,38.5,BenignTraffic,Benign
105.96808,235701.0,9.8,98.1,13.717423,13.717423,0.0,0,0,0,0,0,0.0,0.2,0.0,279.7,703.8,0,0,0,0,0,0,0,0,0,1,1,10620.6,63.0,2962.0,704.287,860.408,286.0,166525950.0,13.5,37.400974,1219.5413,745587.4,1.0,244.6,BenignTraffic,Benign
36.971035,1727282.9,6.0,198.4,66.24955,66.24955,0.0,0,0,0,0,1,0.0,1.8,0.0,141.9,1787.9,0,1,0,0,1,0,0,0,0,1,1,1361.0,162.2,1028.0,352.07745,332.94418,171.2,0.003823495,5.5,25.329805,470.85416,126967.08,0.9,38.5,BenignTraffic,Benign
0.0,54.0,6.0,64.0,16.967867,16.967867,0.0,0,0,0,0,0,0.0,0.0,0.0,0.0,0.0,0,0,0,0,1,0,0,0,0,1,1,567.0,54.0,54.0,54.0,0.0,54.0,82946580.0,9.5,10.392304,0.0,0.0,0.0,141.55,DoS-TCP_Flood,DoS
0.42082456,20250.8,12.0,61.9,50.269615,50.269615,0.0,0,0,0,0,0,0.2,0.0,0.0,1.4,24.6,0,0,0,0,0,1,0,0,0,1,1,577.7,50.0,303.6,87.70928,81.25937,125.4,0.010787296,5.5,12.9154005,114.9181,15505.678,0.9,38.5,BenignTraffic,Benign
0.0,174.0,6.0,64.0,18.290642,18.290642,0.0,0,0,0,0,0,0.0,0.0,0.0,0.0,0.0,0,0,0,0,1,0,0,0,0,1,1,1827.0,174.0,174.0,174.0,0.0,174.0,83064030.0,9.5,18.654758,0.0,0.0,0.0,141.55,DDoS-TCP_Flood,DDoS
23.14696,278263.2,8.2,103.2,123.85768,123.85768,0.0,0,0,0,0,1,0.0,1.3,0.0,87.0,371.5,0,1,0,0,1,0,0,0,0,1,1,9448.6,50.0,1514.0,599.827,674.8835,656.6,166519380.0,13.5,34.630577,955.357,457123.78,1.0,244.6,BenignTraffic,Benign
3.7263336,5524078.5,14.8,115.2,1053.372,1053.372,0.0,0,0,0,0,0,0.0,0.4,0.0,0.9,2.9,0,0,0,0,0,1,0,0,0,1,1,16339.8,54.0,1292.0,1053.2048,449.96152,990.4,166610300.0,13.5,45.869305,637.5206,203385.48,1.0,244.6,MITM-ArpSpoofing,Spoofing
2.05895,2283172.5,17.0,64.0,2468.4211,2468.4211,0.0,0,0,0,0,0,0.0,0.0,0.0,0.0,0.0,0,0,0,0,0,1,0,0,0,1,1,5817.0,554.0,554.0,554.0,0.0,554.0,83789120.0,9.5,33.286633,0.0,0.0,0.0,141.55,Mirai-udpplain,Mirai
40.375637,52848.2,8.2,97.7,16.621931,16.621931,0.0,0,0,0,0,1,0.0,1.1,0.0,174.5,359.0,0,1,0,0,1,0,0,0,0,1,1,3969.2,60.0,2245.0,260.78027,531.9519,338.7,166524850.0,13.5,22.846855,753.82117,286192.7,1.0,244.6,BenignTraffic,Benign
15.30388,1265478.2,6.0,150.9,134.40627,134.40627,0.0,0,0,0,0,1,0.7,1.9,0.0,50.8,1163.4,0,1,0,0,1,0,0,0,0,1,1,4406.6,66.0,1643.0,277.2982,461.81418,537.7,166520600.0,13.5,23.221882,646.99554,211908.44,1.0,244.6,BenignTraffic,Benign
158.41743,23057.5,9.9,83.1,8.86591,8.86591,0.0,0,0,0,0,0,0.0,0.2,0.0,0.1,0.3,0,0,0,0,0,0,0,0,0,1,1,777.4,54.0,266.0,131.57639,82.57076,140.4,0.007544708,5.5,16.005047,116.77269,8495.965,0.9,38.5,BenignTraffic,Benign
44.380558,528647.7,7.1,135.3,34.8349,34.8349,0.0,0,0,0,0,1,0.0,0.8,0.0,186.8,808.4,0,1,0,0,1,0,0,0,0,1,1,6868.1,66.0,1514.0,455.95798,574.9053,108.9,166525000.0,13.5,30.112234,814.962,332952.56,1.0,244.6,BenignTraffic,Benign
72.19717,3856.9,5.9,68.2,144.9179,144.9179,0.0,0,0,0,0,0,0.0,0.0,0.0,11.0,19.0,0,0,0,0,0,0,0,0,0,1,1,506.1,70.1,137.4,96.62655,24.495943,84.3,0.011991382,5.5,13.883443,34.642494,684.2765,0.9,38.5,MITM-ArpSpoofing,Spoofing
25.179338,1055836.8,7.1,82.7,40.07926,40.07926,0.0,0,0,0,0,1,0.0,0.0,0.0,64.2,1009.3,0,1,0,0,1,0,0,0,0,1,1,12730.0,66.0,1722.0,805.5181,728.4946,1157.0,166521000.0,13.5,40.144512,1029.9718,530696.2,1.0,244.6,BenignTraffic,Benign
40.674065,42355.2,12.6,96.2,29.479246,29.479246,0.0,0,0,0,0,0,0.0,0.0,0.0,122.1,255.6,0,0,0,0,0,1,0,0,0,1,1,1600.8,54.6,219.6,102.66639,49.852386,117.2,166520460.0,13.5,14.323688,70.68534,2523.5032,1.0,244.6,BenignTraffic,Benign
1.81643,1220185.0,17.0,64.0,1212.5125,1212.5125,0.0,0,0,0,0,0,0.0,0.0,0.0,0.0,0.0,0,0,0,0,0,1,0,0,0,1,1,5817.0,554.0,554.0,554.0,0.0,554.0,83784900.0,9.5,33.286633,0.0,0.0,0.0,141.55,Mirai-udpplain,Mirai
22.769068,1830705.4,6.0,64.0,74.46504,74.46504,0.0,0,0,0,0,1,0.0,2.0,0.0,67.0,1694.5,0,1,0,0,1,0,0,0,0,1,1,22453.4,66.0,1948.4,1440.0674,403.80048,1658.8,166520030.0,13.5,53.658855,572.7424,166516.6,1.0,244.6,BenignTraffic,Benign
12.4827,1834.3,9.8,63.5,27.662321,27.662321,0.0,0,0,0,0,0,0.2,0.4,0.3,0.5,1.5,0,0,0,0,0,0,0,0,0,1,1,660.6,50.0,326.3,122.11651,106.628174,119.0,0.007337999,5.5,15.43839,150.79501,12960.464,0.9,38.5,BenignTraffic,Benign
73.590096,3779583.8,7.1,62.2,51.175335,51.175335,0.0,0,0,0,0,1,0.0,1.4,0.0,262.0,3663.7,0,1,0,0,1,0,0,0,0,1,1,29409.6,1074.8,4989.2,1894.4811,978.7854,1812.6,166524160.0,13.5,61.6518,1380.963,1036020.56,1.0,244.6,BenignTraffic,Benign
364.49844,63317.6,5.4,72.3,11.9917555,11.9917555,0.0,0,0,0,0,1,0.5,1.0,0.0,275.3,545.7,0,1,0,0,1,0,0,0,0,1,1,1814.7,57.6,348.0,118.56275,89.40208,75.0,166517400.0,13.5,15.406459,126.61914,8045.4355,1.0,244.6,BenignTraffic,Benign
18.117659,356928.7,11.5,90.9,21.490517,21.490517,0.0,0,0,0,0,0,0.0,0.0,0.0,78.7,465.7,0,0,0,0,0,0,0,0,0,1,1,1085.1,60.9,462.4,167.3552,144.94948,398.5,0.018741202,5.5,17.793852,204.98952,53964.688,0.9,38.5,BenignTraffic,Benign
27.374273,292503.5,8.2,116.5,81.139305,81.139305,0.0,0,0,0,0,1,0.3,1.4,0.0,102.0,426.6,0,1,0,0,1,0,0,0,0,1,1,5765.9,66.0,1514.0,361.03256,514.94257,697.2,166519980.0,13.5,26.560059,724.4301,265759.16,1.0,244.6,BenignTraffic,Benign
0.19287093,87.26,6.11,64.64,11.647508,11.647508,0.0,0,1,0,0,0,0.0,1.58,0.0,0.0,0.0,0,0,0,0,1,0,0,0,0,1,1,575.67,54.0,62.67,54.89985,2.5426474,54.51,83361450.0,9.5,10.476486,3.5997064,39.839924,0.17,141.55,DDoS-SynonymousIP_Flood,DDoS
14.768258,1125505.0,6.0,232.0,72.48652,72.48652,0.0,0,0,0,0,1,0.0,2.0,0.0,49.0,1069.5,0,1,0,0,1,0,0,0,0,1,1,10538.0,66.0,2962.0,702.336,900.8632,66.0,166523040.0,13.5,37.41368,1276.037,815759.4,1.0,244.6,BenignTraffic,Benign
0.0,54.0,6.0,64.0,7.904326,7.904326,0.0,0,0,0,1,1,0.0,0.0,0.0,1.0,1.0,0,0,0,0,1,0,0,0,0,1,1,567.0,54.0,54.0,54.0,0.0,54.0,83331816.0,9.5,10.392304,0.0,0.0,0.0,141.55,DDoS-PSHACK_Flood,DDoS
8.264899,2538.3,8.2,149.1,13.802746,13.802746,0.0,0,0,0,0,1,0.7,1.5,0.0,5.6,12.9,0,1,0,0,1,0,0,0,0,1,1,2252.0,54.0,644.0,147.15315,146.93288,92.8,166523300.0,13.5,17.154358,208.25385,21783.53,1.0,244.6,BenignTraffic,Benign
0.0,162.0,17.0,64.0,21.794575,21.794575,0.0,0,0,0,0,0,0.0,0.0,0.0,0.0,0.0,0,0,0,0,0,1,0,0,0,1,1,1701.0,162.0,162.0,162.0,0.0,162.0,83007870.0,9.5,18.0,0.0,0.0,0.0,141.55,DoS-UDP_Flood,DoS
0.013939195,652.06,5.94,63.36,63.591145,63.591145,0.0,0,0,0,0,0,0.0,0.0,0.58,0.0,0.41,1,0,0,0,1,0,0,0,0,1,1,7728.42,256.38,1252.6,704.74445,457.68588,769.26,83340120.0,9.5,35.581966,646.24316,258507.52,0.82,141.55,DDoS-ACK_Fragmentation,DDoS
283.1673,19588.9,7.7,88.7,0.65248454,0.65248454,0.0,0,0,0,0,1,0.0,0.0,0.0,94.0,175.0,0,0,0,0,1,0,0,0,0,1,1,788.8,66.0,262.2,140.84245,77.371574,139.0,0.038261414,5.5,16.6761,109.41993,6723.341,0.9,38.5,BenignTraffic,Benign
0.0,54.0,6.0,64.0,2.8691113,2.8691113,0.0,0,0,0,1,1,0.0,0.0,0.0,1.0,1.0,0,0,0,0,1,0,0,0,0,1,1,567.0,54.0,54.0,54.0,0.0,54.0,83314570.0,9.5,10.392304,0.0,0.0,0.0,141.55,DDoS-PSHACK_Flood,DDoS
26.581703,2660254.0,6.0,232.0,93.65464,93.65464,0.0,0,0,0,0,1,0.0,2.0,0.0,83.0,2488.5,0,1,0,0,1,0,0,0,0,1,1,363.0,66.0,66.0,66.0,0.0,66.0,0.000638986,5.5,11.489125,0.0,0.0,0.0,38.5,BenignTraffic,Benign
0.06988025,54.54,6.0,65.91,9.336278,9.336278,0.0,0,0,0,1,1,0.0,0.0,0.01,1.0,1.01,0,0,0,0,1,0,0,0,0,1,1,567.0,54.0,54.0,54.0,0.0,54.0,83314670.0,9.5,10.392304,0.0,0.0,0.0,141.55,DDoS-PSHACK_Flood,DDoS
0.0,160.38,16.83,63.36,63.485615,63.485615,0.0,0,0,0,0,0,0.0,0.0,0.0,0.0,0.0,0,0,0,0,0,1,0,0,0,1,1,1682.64,143.64,162.0,159.8603,5.5661273,160.98,83007370.0,9.5,17.877651,7.8794127,182.4797,0.18,141.55,DoS-UDP_Flood,DoS
0.0,54.0,6.0,64.0,1.994442,1.994442,0.0,0,1,0,0,0,0.0,1.0,0.0,0.0,0.0,0,0,0,0,1,0,0,0,0,1,1,567.0,54.0,54.0,54.0,0.0,54.0,83089810.0,9.5,10.392304,0.0,0.0,0.0,141.55,DDoS-SYN_Flood,DDoS
14.008354,681012.9,7.1,74.2,39.398895,39.398895,0.0,0,0,0,0,1,0.0,0.0,0.0,55.2,735.8,0,1,0,0,1,0,0,0,0,1,1,6474.5,797.8,1733.0,1300.2747,355.04388,855.1,0.010663199,5.5,50.7219,502.10788,236304.9,0.6,38.5,BenignTraffic,Benign
0.005924671,55.44,6.0,63.77,5.998945,5.998945,0.0,0,0,0,0,0,0.02,0.0,0.0,0.0,0.03,0,0,0,0,1,0,0,0,0,1,1,567.36,54.0,54.36,54.018982,0.08043639,54.12,82947070.0,9.5,10.394156,0.11466248,0.21915667,0.03,141.55,DoS-TCP_Flood,DoS
2.737693,210204.2,14.8,97.6,55.9676,55.9676,0.0,0,0,0,0,0,0.0,0.0,0.0,6.4,204.7,0,0,0,0,0,1,0,0,0,1,1,298.2,50.0,59.6,53.132698,3.9200869,55.6,0.014561296,5.5,10.306246,5.54384,20.71898,0.8,38.5,BenignTraffic,Benign
12.872934,643684.3,7.1,147.5,64.86681,64.86681,0.0,0,0,0,0,1,0.1,1.5,0.0,86.4,702.5,0,1,0,0,1,0,0,0,0,1,1,679.2,79.8,269.4,126.47119,64.61204,110.4,0.0025738,5.5,15.86929,91.37522,5315.0454,0.9,38.5,BenignTraffic,Benign
0.12041324,62.1,6.0,64.0,2.4918816,2.4918816,0.0,0,1,0,0,0,0.0,1.15,0.0,0.0,0.0,0,0,0,0,1,0,0,0,0,1,1,567.0,54.0,54.0,54.0,0.0,54.0,83361176.0,9.5,10.392304,0.0,0.0,0.0,141.55,DDoS-SynonymousIP_Flood,DDoS
0.0,0.0,46.06,62.72,25.037556,25.037556,0.0,0,0,0,0,0,0.0,0.0,0.0,0.0,0.0,0,0,0,0,0,0,0,0,0,1,1,6114.92,490.92,592.0,585.09735,25.290686,581.36,83693976.0,9.5,34.20448,35.846962,3419.498,0.19,141.55,Mirai-greeth_flood,Mirai
0.0,54.0,6.0,64.0,34.33887,34.33887,0.0,0,0,0,1,1,0.0,0.0,0.0,1.0,1.0,0,0,0,0,1,0,0,0,0,1,1,567.0,54.0,54.0,54.0,0.0,54.0,83314720.0,9.5,10.392304,0.0,0.0,0.0,141.55,DDoS-PSHACK_Flood,DDoS
3.643896,108.0,6.0,64.0,0.5488631,0.5488631,0.0,0,0,0,0,0,0.0,0.0,0.0,0.0,0.0,0,0,0,0,1,0,0,0,0,1,1,567.0,54.0,54.0,54.0,0.0,54.0,82951544.0,9.5,10.392304,0.0,0.0,0.0,141.55,DoS-TCP_Flood,DoS
0.0,757.0,6.0,64.0,2.7822526,2.7822526,0.0,0,0,0,0,0,0.0,0.0,0.0,0.0,0.5,0,0,0,0,0,0,0,0,0,1,1,10197.0,431.0,1514.0,1004.7978,538.47076,944.0,83336130.0,9.5,44.78821,761.4568,305219.3,0.95,141.55,DDoS-ACK_Fragmentation,DDoS
48.490097,1684.3,7.1,73.5,10.25874,10.25874,0.0,0,1,0,0,0,0.0,0.7,0.5,2.5,4.6,0,0,0,0,1,0,0,0,0,1,1,585.4,54.8,313.6,113.8875,98.569374,89.5,0.001388407,5.5,14.906093,139.39815,11131.094,0.9,38.5,Recon-HostDiscovery,Recon
28.2114,42201.8,12.6,107.2,11.51297,11.51297,0.0,0,0,0,0,0,0.0,0.0,0.0,132.6,275.4,0,0,0,0,0,1,0,0,0,1,1,748.5,75.0,207.8,136.38162,49.5912,124.0,0.019030308,5.5,16.48469,70.132545,2790.0105,0.9,38.5,BenignTraffic,Benign
0.0,53.46,5.94,63.36,25.996355,25.996355,0.0,0,1,0,0,0,0.0,0.99,0.0,0.0,0.0,0,0,0,0,1,0,0,0,0,1,1,567.3,54.0,54.3,54.01677,0.06885953,54.06,83361810.0,9.5,10.393931,0.097836204,0.095813714,0.05,141.55,DDoS-SynonymousIP_Flood,DDoS
58.174816,2858410.8,6.0,96.8,49.60813,49.60813,0.0,0,0,0,0,1,0.0,0.0,0.0,240.8,2886.5,0,1,0,0,1,0,0,0,0,1,1,19029.8,46.0,10202.0,1256.5775,2532.6782,1476.8,166521520.0,13.5,50.136417,3588.5354,6478739.5,1.0,244.6,BenignTraffic,Benign
0.0,54.0,6.0,64.0,3.9267087,3.9267087,0.0,0,1,0,0,0,0.0,1.0,0.0,0.0,0.0,0,0,0,0,1,0,0,0,0,1,1,567.0,54.0,54.0,54.0,0.0,54.0,83089960.0,9.5,10.392304,0.0,0.0,0.0,141.55,DDoS-SYN_Flood,DDoS
0.0,162.0,17.0,64.0,4.0649776,4.0649776,0.0,0,0,0,0,0,0.0,0.0,0.0,0.0,0.0,0,0,0,0,0,1,0,0,0,1,1,1701.0,162.0,162.0,162.0,0.0,162.0,83008110.0,9.5,18.0,0.0,0.0,0.0,141.55,DoS-UDP_Flood,DoS
0.0,54.0,6.0,64.0,1.2889166,1.2889166,0.0,0,1,0,0,0,0.0,1.0,0.0,0.0,0.0,0,0,0,0,1,0,0,0,0,1,1,567.0,54.0,54.0,54.0,0.0,54.0,82972710.0,9.5,10.392304,0.0,0.0,0.0,141.55,DoS-SYN_Flood,DoS
1.3972319,1970484.9,7.1,57.7,934.43677,934.43677,0.0,0,0,0,0,1,0.0,0.0,0.0,18.9,1305.2,1,0,0,0,1,0,0,0,0,1,1,19072.8,209.0,5943.5,3016.9932,2374.1611,3570.3,0.000407696,5.5,75.09838,3357.571,6321795.5,0.9,38.5,BenignTraffic,Benign
0.0,53.46,5.95,64.54,141.79288,141.79288,0.0,0,0,0,1,1,0.0,0.0,0.0,0.99,0.99,0,0,0,0,1,0,0,0,0,1,1,568.76,54.0,55.76,54.095486,0.39846283,54.44,83331704.0,9.5,10.401503,0.56684184,4.0182734,0.04,141.55,DDoS-PSHACK_Flood,DDoS
26.958385,3212.4,9.8,115.3,3.683295,3.683295,0.0,0,0,0,0,0,0.0,0.0,0.0,4.2,6.8,0,0,0,0,0,0,0,0,0,1,1,1446.9,50.0,223.4,93.974106,54.32532,79.1,166518130.0,13.5,13.717791,76.94462,2971.507,1.0,244.6,BenignTraffic,Benign
43.619328,3629084.2,6.0,164.2,77.61467,77.61467,0.0,0,0,0,0,1,0.0,2.0,0.0,128.0,3384.5,0,1,0,0,1,0,0,0,0,1,1,21874.2,645.2,2962.0,1443.8088,566.0674,645.2,166518080.0,13.5,53.746674,797.4349,341276.88,1.0,244.6,BenignTraffic,Benign
72.573944,4052091.0,7.1,149.9,53.606316,53.606316,0.0,0,0,0,0,1,0.0,0.0,0.0,201.6,3904.5,0,1,0,0,1,0,0,0,0,1,1,16643.1,60.0,2962.0,1090.1196,851.1235,719.1,166520460.0,13.5,46.73886,1203.7054,724789.94,1.0,244.6,BenignTraffic,Benign
0.027797502,69.66,6.0,64.0,20.844027,20.844027,0.0,0,0,0,1,1,0.0,0.0,0.29,1.0,1.0,0,0,0,0,1,0,0,0,0,1,1,567.0,54.0,54.0,54.0,0.0,54.0,83313980.0,9.5,10.392304,0.0,0.0,0.0,141.55,DDoS-PSHACK_Flood,DDoS
0.06984896,34675.0,17.0,64.0,9925.189,9925.189,0.0,0,0,0,0,0,0.0,0.0,0.0,0.0,0.0,0,0,0,0,0,1,0,0,0,1,1,525.0,50.0,50.0,50.0,0.0,50.0,83106930.0,9.5,10.0,0.0,0.0,0.0,141.55,DDoS-UDP_Flood,DDoS
5.3695874,84.0,17.0,64.0,0.37246814,0.37246814,0.0,0,0,0,0,0,0.0,0.0,0.0,0.0,0.0,0,0,0,0,0,1,0,0,0,1,1,441.0,42.0,42.0,42.0,0.0,42.0,83007560.0,9.5,9.165152,0.0,0.0,0.0,141.55,DoS-UDP_Flood,DoS
0.84656686,56399.7,6.0,147.5,54.90109,54.90109,0.0,0,0,0,0,1,0.0,2.0,0.0,9.6,45.5,0,1,0,0,1,0,0,0,0,1,1,24723.7,66.0,4410.0,1604.6364,1194.8728,1291.3,166519630.0,13.5,56.717785,1690.3752,1435739.1,1.0,244.6,BenignTraffic,Benign
0.059010882,25325.0,17.0,64.0,8577.795,8577.795,0.0,0,0,0,0,0,0.0,0.0,0.0,0.0,0.0,0,0,0,0,0,1,0,0,0,1,1,525.0,50.0,50.0,50.0,0.0,50.0,83012140.0,9.5,10.0,0.0,0.0,0.0,141.55,DoS-UDP_Flood,DoS
0.0,0.0,1.0,64.0,1.3735594,1.3735594,0.0,0,0,0,0,0,0.0,0.0,0.0,0.0,0.0,0,0,0,0,0,0,0,0,1,1,1,441.0,42.0,42.0,42.0,0.0,42.0,83149464.0,9.5,9.165152,0.0,0.0,0.0,141.55,DDoS-ICMP_Flood,DDoS
56.399773,3654064.5,6.0,145.8,34.45495,34.45495,0.0,0,0,0,0,1,0.0,2.5,0.0,126.0,3557.5,0,1,0,0,1,0,0,0,0,1,1,8286.2,66.0,2962.0,528.53815,891.8149,500.4,166522580.0,13.5,32.521935,1263.642,803084.75,1.0,244.6,BenignTraffic,Benign
140.69032,29822.8,9.8,108.1,5.5304637,5.5304637,0.0,0,0,0,0,0,0.0,0.0,0.0,100.2,203.5,0,0,0,0,0,0,0,0,0,1,1,1899.4,60.0,573.0,122.1985,131.37112,127.4,166517340.0,13.5,15.6473675,186.13692,17399.871,1.0,244.6,BenignTraffic,Benign
36.9498,807859.1,6.6,114.4,89.24165,89.24165,0.0,0,0,0,0,1,0.0,1.4,0.0,33.1,734.0,0,1,0,0,1,0,0,0,0,1,1,9414.0,52.4,1514.0,615.2906,700.27423,647.9,166523220.0,13.5,34.88562,987.85443,488230.38,1.0,244.6,BenignTraffic,Benign
0.0,0.0,1.0,64.0,13.614798,13.614798,0.0,0,0,0,0,0,0.0,0.0,0.0,0.0,0.0,0,0,0,0,0,0,0,0,1,1,1,441.0,42.0,42.0,42.0,0.0,42.0,83124620.0,9.5,9.165152,0.0,0.0,0.0,141.55,DDoS-ICMP_Flood,DDoS
0.0,54.0,6.0,64.0,1014.71,1014.71,0.0,0,0,0,0,0,0.0,0.0,0.0,0.0,0.0,0,0,0,0,1,0,0,0,0,1,1,567.0,54.0,54.0,54.0,0.0,54.0,83064250.0,9.5,10.392304,0.0,0.0,0.0,141.55,DDoS-TCP_Flood,DDoS
46.403748,101949.6,12.6,82.7,25.379713,25.379713,0.0,0,0,0,0,0,0.0,0.4,0.0,84.8,185.4,0,0,0,0,0,1,0,0,0,1,1,2217.0,50.0,486.8,137.50848,126.33359,391.4,166518820.0,13.5,16.096596,163.71703,23787.041,1.0,244.6,BenignTraffic,Benign
0.19638531,19.87,1.3,67.82,4.556971,4.556971,0.0,0,0,0,0,0,0.0,0.19,0.0,0.02,0.16,0,0,0,0,0,0,0,0,1,1,1,9436.88,337.56,1467.92,887.6615,547.96655,888.77,83253370.0,9.5,41.950573,774.8334,316186.0,0.95,141.55,DDoS-ICMP_Fragmentation,DDoS
67.17618,2981355.5,6.0,63.0,43.788376,43.788376,0.0,0,0,0,0,1,0.0,0.0,0.0,196.9,3004.9,0,1,0,0,1,0,0,0,0,1,1,4379.1,75.0,1550.0,574.0695,559.57367,1235.6,0.016412187,5.5,30.740217,791.3566,527156.56,0.9,38.5,BenignTraffic,Benign
0.0,54.0,6.0,64.0,10.809644,10.809644,0.0,1,0,1,0,0,1.0,0.0,1.0,0.0,0.0,0,0,0,0,1,0,0,0,0,1,1,567.0,54.0,54.0,54.0,0.0,54.0,83348380.0,9.5,10.392304,0.0,0.0,0.0,141.55,DDoS-RSTFINFlood,DDoS
0.0,0.0,47.0,64.0,2.6658332,2.6658332,0.0,0,0,0,0,0,0.0,0.0,0.0,0.0,0.0,0,0,0,0,0,0,0,0,0,1,1,6216.0,592.0,592.0,592.0,0.0,592.0,83693976.0,9.5,34.4093,0.0,0.0,0.0,141.55,Mirai-greeth_flood,Mirai
0.002729061,3075.0,17.0,64.0,29019.213,29019.213,0.0,0,0,0,0,0,0.0,0.0,0.0,0.0,0.0,0,0,0,0,0,1,0,0,0,1,1,525.0,50.0,50.0,50.0,0.0,50.0,83011736.0,9.5,10.0,0.0,0.0,0.0,141.55,DoS-UDP_Flood,DoS
0.004001019,680.62,6.54,64.72,9.211565,9.211565,0.0,0,0,0,0,0,0.0,0.02,0.01,0.01,0.47,0,0,0,0,0,0,0,0,0,1,1,8852.06,239.52,1468.4,840.07275,550.84485,846.38,83340080.0,9.5,40.778694,778.6703,319402.03,0.95,141.55,DDoS-ACK_Fragmentation,DDoS
25.374556,1693549.0,6.0,147.5,60.114944,60.114944,0.0,0,0,0,0,1,0.0,0.2,0.0,69.5,1640.5,0,1,0,0,1,0,0,0,0,1,1,4061.4,66.0,1163.3,243.45845,373.69443,657.8,166518960.0,13.5,21.195402,521.4806,174012.72,1.0,244.6,BenignTraffic,Benign
6.1070967,3001.9,10.4,144.4,17.794287,17.794287,0.0,0,0,0,0,1,0.0,1.2,0.0,1.5,6.4,0,1,0,0,1,0,0,0,0,1,1,6248.4,639.2,3116.8,1539.0709,1071.3666,701.8,0.00654521,5.5,53.634716,1515.1411,1419666.0,0.9,38.5,BenignTraffic,Benign
0.0,0.0,1.0,64.0,3.9066505,3.9066505,0.0,0,0,0,0,0,0.0,0.0,0.0,0.0,0.0,0,0,0,0,0,0,0,0,1,1,1,441.0,42.0,42.0,42.0,0.0,42.0,83124630.0,9.5,9.165152,0.0,0.0,0.0,141.55,DDoS-ICMP_Flood,DDoS
8.273412,121.64,6.0,65.91,0.2534946,0.2534946,0.0,0,1,0,0,0,0.0,2.03,0.0,0.06,0.11,0,0,0,0,1,0,0,0,0,1,1,581.2,54.71,68.2,56.554394,4.229461,54.71,82976840.0,9.5,10.61301,5.986735,101.01851,0.19,141.55,DoS-SYN_Flood,DoS
0.0,0.74,46.59,65.7,29.198484,29.198484,0.0,0,0,0,0,0,0.0,0.01,0.0,0.0,0.01,0,0,0,0,0,0,0,0,0,1,1,5988.36,497.36,578.0,570.3674,22.944954,572.96,83650900.0,9.5,33.76918,32.487213,3414.523,0.16,141.55,Mirai-greip_flood,Mirai
0.0,0.0,1.0,64.0,6.286345,6.286345,0.0,0,0,0,0,0,0.0,0.0,0.0,0.0,0.0,0,0,0,0,0,0,0,0,1,1,1,441.0,42.0,42.0,42.0,0.0,42.0,83128740.0,9.5,9.165152,0.0,0.0,0.0,141.55,DDoS-ICMP_Flood,DDoS
3.5007193,6349.4,10.4,95.0,12.692438,12.692438,0.0,0,0,0,0,1,0.0,0.4,0.0,26.8,54.1,0,1,0,0,1,0,0,0,0,1,1,2481.4,63.6,987.0,162.69992,224.17212,90.0,166523220.0,13.5,18.018372,317.75247,50808.164,1.0,244.6,BenignTraffic,Benign
0.20732288,546400.8,6.0,87.6,2550.6648,2550.6648,0.0,0,0,0,0,1,0.0,0.0,0.0,93.8,528.8,1,0,0,0,1,0,0,0,0,1,1,16239.4,66.0,2858.0,1042.3838,1078.7554,1043.2,166520200.0,13.5,45.438652,1519.4784,1156123.9,1.0,244.6,BenignTraffic,Benign
42.861225,1203124.2,9.3,129.9,44.381973,44.381973,0.0,0,0,0,0,1,0.0,1.0,0.0,194.0,1400.7,0,1,0,0,1,0,0,0,0,1,1,19544.9,236.1,2962.0,1299.5366,711.40094,326.4,166518020.0,13.5,50.925804,1004.79517,519666.38,1.0,244.6,BenignTraffic,Benign
19.485125,1579153.5,6.0,64.0,78.54707,78.54707,0.0,0,0,0,0,1,0.0,0.0,0.0,56.1,1530.5,0,1,0,0,1,0,0,0,0,1,1,26059.5,66.0,10202.0,1684.4099,2449.537,1567.7,166519840.0,13.5,58.13537,3470.1067,6069965.5,1.0,244.6,BenignTraffic,Benign
1.7191021,5626.9,5.9,68.0,20.997543,20.997543,0.0,0,0,0,0,1,0.1,1.1,0.0,9.6,22.8,0,0,0,0,1,0,0,0,0,1,1,3463.8,367.4,3134.0,968.00415,1064.4348,381.8,0.004977202,5.5,41.288406,1505.3381,1297173.0,0.9,38.5,BenignTraffic,Benign
0.11432454,16805.0,17.0,64.0,11917.594,11917.594,0.0,0,0,0,0,0,0.0,0.0,0.0,0.0,0.0,0,0,0,0,0,1,0,0,0,1,1,525.0,50.0,50.0,50.0,0.0,50.0,83101816.0,9.5,10.0,0.0,0.0,0.0,141.55,DDoS-UDP_Flood,DDoS
60.712124,1256728.8,8.2,168.4,23.813404,23.813404,0.0,0,0,0,0,1,0.0,0.0,0.0,176.8,1464.6,0,1,0,0,1,0,0,0,0,1,1,4038.8,60.0,2028.0,266.03754,473.55554,113.8,166524380.0,13.5,23.059044,671.1217,226678.0,1.0,244.6,BenignTraffic,Benign
91.64278,104460.5,8.2,86.7,5.8618445,5.8618445,0.0,0,0,0,0,1,0.0,0.0,0.0,278.2,590.4,0,0,0,0,1,0,0,0,0,1,1,518.8,64.8,143.8,89.26889,30.277441,104.0,0.030348396,5.5,13.331008,42.818768,1129.3448,0.9,38.5,BenignTraffic,Benign
0.030413365,71.4,6.0,115.0,19.517168,19.517168,0.0,0,0,1,0,1,0.0,0.3,1.0,0.0,1.0,0,0,0,0,1,0,0,0,0,1,1,871.0,54.0,66.0,56.219128,3.211139,55.2,166846780.0,13.5,10.604672,4.546955,10.368225,1.0,244.6,Recon-HostDiscovery,Recon
29.01844,41654.5,5.4,108.6,10.951285,10.951285,0.0,0,0,0,0,1,0.0,0.0,0.0,156.3,317.0,0,1,0,0,1,0,0,0,0,1,1,463.9,60.6,111.8,78.04056,19.35508,93.2,0.024457501,5.5,12.450245,27.372217,618.1483,0.9,38.5,BenignTraffic,Benign
46.675117,427569.8,8.2,94.5,20.21994,20.21994,0.0,0,0,0,0,1,0.0,0.8,0.0,91.5,543.9,0,1,0,0,1,0,0,0,0,1,1,782.7,54.9,404.8,132.28944,117.49474,134.9,0.008597183,5.5,16.113497,166.16266,19079.732,0.9,38.5,BenignTraffic,Benign
6.4854274,353164.2,12.6,80.4,66.54203,66.54203,0.0,0,0,0,0,0,0.0,0.0,0.0,22.8,375.7,0,0,0,0,0,1,0,0,0,1,1,5940.1,66.0,2527.6,370.95706,683.1389,581.4,166517730.0,13.5,26.967436,968.5669,495425.62,1.0,244.6,BenignTraffic,Benign
0.018822353,48716.41,16.89,65.91,8886.088,8886.088,0.0,0,0,0,0,0,0.0,0.0,0.0,0.01,0.01,0,0,0,0,0,1,0,0,0,1,1,5749.83,486.83,554.0,549.12054,17.162308,546.11,83711450.0,9.5,33.137516,24.330885,1607.4043,0.19,141.55,Mirai-udpplain,Mirai
13.03209,1179980.2,6.0,114.1,81.836395,81.836395,0.0,0,0,0,0,1,0.0,0.0,0.0,25.0,1066.5,0,1,0,0,1,0,0,0,0,1,1,10616.2,54.0,1514.0,675.7316,692.3881,1079.6,166517940.0,13.5,36.61818,979.06354,479449.75,1.0,244.6,BenignTraffic,Benign
5.1448994,796086.3,6.0,56.8,1692.9253,1692.9253,0.0,0,0,0,0,1,0.0,1.8,0.0,140.1,591.0,0,1,0,0,1,0,0,0,0,1,1,16471.8,1405.2,4265.2,3075.945,986.8292,2826.2,0.0004673,5.5,78.36042,1395.5873,1150933.1,0.9,38.5,MITM-ArpSpoofing,Spoofing
0.66005373,90889.5,6.0,63.5,142.38092,142.38092,0.0,0,0,0,0,1,0.0,0.0,0.0,2.4,94.0,0,1,0,0,1,0,0,0,0,1,1,29128.4,66.0,4410.0,1880.9397,1328.7808,1803.6,166522420.0,13.5,61.482113,1874.2336,1765233.5,1.0,244.6,BenignTraffic,Benign
2.9679127,9258.9,8.1,84.6,28.641006,28.641006,0.0,0,0,0,0,0,0.0,0.4,0.0,24.3,50.8,0,0,0,0,0,0,0,0,0,1,1,4688.3,50.0,2907.4,296.55295,682.6251,423.4,166519140.0,13.5,24.096668,967.82196,543269.6,1.0,244.6,BenignTraffic,Benign
14.170013,1823373.0,6.0,64.0,114.07892,114.07892,0.0,0,0,0,0,1,0.0,0.0,0.0,38.0,1616.5,0,1,0,0,1,0,0,0,0,1,1,17663.0,60.0,2962.0,1125.8451,826.80273,1514.0,166525980.0,13.5,47.39421,1171.5558,689778.44,1.0,244.6,BenignTraffic,Benign
0.0,54.0,6.0,64.0,27.16653,27.16653,0.0,1,0,1,0,0,1.0,0.0,1.0,0.0,0.0,0,0,0,0,1,0,0,0,0,1,1,567.0,54.0,54.0,54.0,0.0,54.0,83344020.0,9.5,10.392304,0.0,0.0,0.0,141.55,DDoS-RSTFINFlood,DDoS
0.3608846,1253561.8,6.0,105.3,3494.2495,3494.2495,0.0,0,0,0,0,1,0.0,0.0,0.0,253.7,1261.1,1,0,0,0,1,0,0,0,0,1,1,6645.0,345.2,2299.6,1213.656,671.73193,1182.8,6.65e-05,5.5,49.086464,949.9725,575479.56,0.8,38.5,BenignTraffic,Benign
1.0370218,494282.16,16.72,66.95,847.5595,847.5595,0.0,0,0,0,0,0,0.0,0.0,0.0,0.01,0.01,0,0,0,0,0,1,0,0,0,1,1,5598.4,460.76,554.0,528.51263,36.359005,541.34,83784830.0,9.5,32.448605,51.46544,7088.39,0.19,141.55,Mirai-udpplain,Mirai
0.39279753,81.0,6.0,64.0,2.5525675,2.5525675,0.0,0,1,0,0,0,0.0,1.5,0.0,0.0,0.0,0,0,0,0,1,0,0,0,0,1,1,567.0,54.0,54.0,54.0,0.0,54.0,83365610.0,9.5,10.392304,0.0,0.0,0.0,141.55,DDoS-SynonymousIP_Flood,DDoS
0.82552916,45948.6,10.4,96.7,28.206615,28.206615,0.0,0,0,0,0,1,0.0,0.0,0.0,5.3,50.0,0,0,0,0,1,0,0,0,0,1,1,701.3,50.0,221.9,118.4102,73.92339,139.0,0.008262086,5.5,15.252233,104.543465,6102.002,0.9,38.5,BenignTraffic,Benign
54.547577,3978723.8,6.0,64.0,67.161545,67.161545,0.0,0,0,0,0,1,0.0,0.0,0.0,131.0,3663.5,0,1,0,0,1,0,0,0,0,1,1,9919.8,1658.8,2962.0,1952.5946,517.2272,1803.6,0.006668091,5.5,62.245476,731.46967,303854.47,0.9,38.5,BenignTraffic,Benign
0.0,54.0,6.0,64.0,1.4070575,1.4070575,0.0,1,0,1,0,0,1.0,0.0,1.0,0.0,0.0,0,0,0,0,1,0,0,0,0,1,1,567.0,54.0,54.0,54.0,0.0,54.0,83344936.0,9.5,10.392304,0.0,0.0,0.0,141.55,DDoS-RSTFINFlood,DDoS
15.440598,204465.8,6.5,111.0,53.274513,53.274513,0.0,0,0,0,1,1,0.0,1.0,0.0,44.9,255.4,0,1,0,0,1,0,0,0,0,1,1,1430.2,98.9,703.6,254.58437,210.28932,307.1,0.003707886,5.5,22.2758,297.394,61795.652,0.9,38.5,BenignTraffic,Benign
36.482693,12486.5,8.2,131.6,21.417732,21.417732,0.0,0,0,0,0,1,0.5,1.4,0.0,4.6,14.4,0,1,0,0,1,0,0,0,0,1,1,2437.3,50.0,1371.0,159.63023,324.8878,101.0,166525660.0,13.5,17.86429,460.48828,106722.87,1.0,244.6,BenignTraffic,Benign
0.0,54.0,6.0,64.0,71.88305,71.88305,0.0,0,1,0,0,0,0.0,1.0,0.0,0.0,0.0,1,0,0,0,1,0,0,0,0,1,1,567.0,54.0,54.0,54.0,0.0,54.0,83362250.0,9.5,10.392304,0.0,0.0,0.0,141.55,DDoS-SynonymousIP_Flood,DDoS
0.0,760.55,6.0,64.0,12.254981,12.254981,0.0,0,0,0,0,1,0.0,0.0,0.0,0.01,0.51,0,0,0,0,1,0,0,0,0,1,1,9705.47,384.07,1468.4,905.4114,538.54926,943.81,83336680.0,9.5,42.371674,761.5678,305308.84,0.95,141.55,DDoS-ACK_Fragmentation,DDoS
0.0,68.72,6.0,65.73,53.50816,53.50816,0.0,0,1,0,0,0,0.0,0.99,0.0,0.0,0.04,0,0,0,0,1,0,0,0,0,1,1,728.68,54.0,214.6,65.29371,40.64245,68.72,83093170.0,9.5,11.19377,57.587444,15221.961,0.11,141.55,DDoS-SYN_Flood,DDoS
1.9435534,392914.0,6.0,64.0,148.95305,148.95305,0.0,0,0,0,0,1,0.0,2.0,0.0,13.0,288.5,0,1,0,0,1,0,0,0,0,1,1,8327.0,1514.0,1514.0,1514.0,0.0,1514.0,0.000403094,5.5,55.027267,0.0,0.0,0.0,38.5,BenignTraffic,Benign
17.092922,115208.8,7.1,116.4,26.980091,26.980091,0.0,0,0,0,0,1,0.0,1.0,0.0,69.9,221.8,0,0,0,0,1,0,0,0,0,1,1,907.6,66.0,468.4,155.22404,147.0077,155.2,0.014567685,5.5,17.341969,207.9003,27760.56,0.8,38.5,BenignTraffic,Benign
3.9303472,906612.0,6.0,232.0,194.51161,194.51161,0.0,0,0,0,0,1,0.0,2.0,0.0,25.0,763.5,0,1,0,0,1,0,0,0,0,1,1,1011.0,54.0,66.0,65.19747,2.981972,66.0,166525570.0,13.5,11.4187765,4.2262278,8.996219,1.0,244.6,BenignTraffic,Benign
54.830452,456874.2,9.3,80.7,23.847992,23.847992,0.0,0,0,0,0,1,0.0,0.4,0.0,238.4,824.9,0,1,0,0,1,0,0,0,0,1,1,2909.3,66.0,744.6,177.07716,196.79465,406.5,166522110.0,13.5,18.532635,279.75662,69843.69,1.0,244.6,BenignTraffic,Benign
11.65216,22780.2,6.0,115.4,21.192019,21.192019,0.0,0,0,0,0,1,0.0,0.0,0.0,101.8,203.5,0,1,0,0,1,0,0,0,0,1,1,571.4,72.6,150.3,106.22996,32.300125,99.5,0.027214885,5.5,14.56431,45.679276,1167.3646,0.9,38.5,BenignTraffic,Benign
0.0,54.0,6.0,64.0,15.366537,15.366537,0.0,0,1,0,0,0,0.0,1.0,0.0,0.0,0.0,0,0,0,0,1,0,0,0,0,1,1,567.0,54.0,54.0,54.0,0.0,54.0,83089180.0,9.5,10.392304,0.0,0.0,0.0,141.55,DDoS-SYN_Flood,DDoS
46.96723,627905.2,9.3,97.4,81.66157,81.66157,0.0,0,0,0,0,1,0.0,1.2,0.0,110.8,756.7,0,1,0,0,1,0,0,0,0,1,1,14119.8,50.0,2962.0,915.8275,1055.206,650.2,166517980.0,13.5,42.701088,1494.4098,1119164.5,1.0,244.6,BenignTraffic,Benign
3.4089227,216726.9,7.1,70.4,61.91845,61.91845,0.0,0,0,0,0,1,0.0,0.1,0.0,15.8,218.2,0,1,0,0,1,0,0,0,0,1,1,10499.6,939.6,3396.4,1882.4414,855.54,1622.4,0.010656095,5.5,61.17813,1209.9163,997823.6,0.8,38.5,BenignTraffic,Benign
0.0,54.0,6.0,64.0,1.2432773,1.2432773,0.0,1,0,1,0,0,1.0,0.0,1.0,0.0,0.0,0,0,0,0,1,0,0,0,0,1,1,567.0,54.0,54.0,54.0,0.0,54.0,83343800.0,9.5,10.392304,0.0,0.0,0.0,141.55,DDoS-RSTFINFlood,DDoS
0.0,0.0,47.0,64.0,86.94119,86.94119,0.0,0,0,0,0,0,0.0,0.0,0.0,0.0,0.0,0,0,0,0,0,0,0,0,0,1,1,6216.0,592.0,592.0,592.0,0.0,592.0,83676990.0,9.5,34.4093,0.0,0.0,0.0,141.55,Mirai-greeth_flood,Mirai
0.0,53.46,5.94,63.36,0.4991649,0.4991649,0.0,1,0,1,0,0,0.99,0.0,0.99,0.0,0.0,0,0,0,0,1,0,0,0,0,1,1,567.54,54.0,54.54,54.03467,0.13184981,54.06,83344110.0,9.5,10.39565,0.18691792,0.1951534,0.09,141.55,DDoS-RSTFINFlood,DDoS
0.0,0.0,47.0,64.0,1.8763263,1.8763263,0.0,0,0,0,0,0,0.0,0.0,0.0,0.0,0.0,0,0,0,0,0,0,0,0,0,1,1,6216.0,592.0,592.0,592.0,0.0,592.0,83677100.0,9.5,34.4093,0.0,0.0,0.0,141.55,Mirai-greeth_flood,Mirai
1.4915175,1346022.9,17.0,65.91,1628.5853,1628.5853,0.0,0,0,0,0,0,0.0,0.0,0.0,0.0,0.0,0,0,0,0,0,1,0,0,0,1,1,5781.36,518.36,554.0,551.50916,9.023324,550.76,83784950.0,9.5,33.210724,12.78543,750.30273,0.11,141.55,Mirai-udpplain,Mirai
0.0154634,57.2,4.8,40.8,23.024694,23.024694,0.0,0,1,0,0,0,0.0,0.8,0.2,0.0,0.2,0,0,0,0,1,0,0,0,0,1,1,896.8,54.0,60.0,57.848064,1.6902951,58.4,166846720.0,13.5,10.756163,2.3958492,2.889226,1.0,244.6,Recon-HostDiscovery,Recon
0.0,0.0,44.69,71.0,34.174496,34.174496,0.0,0,0,0,0,0,0.0,0.0,0.0,0.0,0.0,0,0,0,0,0,0,0,0,0,1,1,5915.4,485.36,578.0,568.3577,27.152905,552.5,83647260.0,9.5,33.705162,38.494404,4304.562,0.18,141.55,Mirai-greip_flood,Mirai
10.297955,787761.0,6.0,181.6,73.135475,73.135475,0.0,0,0,0,0,1,0.0,2.0,0.0,41.6,799.6,0,1,0,0,1,0,0,0,0,1,1,12108.6,66.0,1494.0,798.1597,700.9885,494.4,166519740.0,13.5,39.958145,992.0707,492142.47,1.0,244.6,BenignTraffic,Benign
0.0,54.0,6.0,64.0,1.781752,1.781752,0.0,0,1,0,0,0,0.0,1.0,0.0,0.0,0.0,0,0,0,0,1,0,0,0,0,1,1,567.0,54.0,54.0,54.0,0.0,54.0,83093230.0,9.5,10.392304,0.0,0.0,0.0,141.55,DDoS-SYN_Flood,DDoS
0.0,0.0,47.0,64.0,7.530608,7.530608,0.0,0,0,0,0,0,0.0,0.0,0.0,0.0,0.0,0,0,0,0,0,0,0,0,0,1,1,6216.0,592.0,592.0,592.0,0.0,592.0,83702400.0,9.5,34.4093,0.0,0.0,0.0,141.55,Mirai-greeth_flood,Mirai
0.0,0.94,46.23,64.0,26.303339,26.303339,0.0,0,0,0,0,0,0.0,0.0,0.0,0.0,0.0,0,0,0,0,0,0,0,0,0,1,1,5883.46,479.58,578.0,554.3906,37.770878,567.98,83581544.0,9.5,33.237164,53.464962,7748.6514,0.19,141.55,Mirai-greip_flood,Mirai
0.06162214,19575.0,17.0,64.0,10399.799,10399.799,0.0,0,0,0,0,0,0.0,0.0,0.0,0.0,0.0,0,0,0,0,0,1,0,0,0,1,1,525.0,50.0,50.0,50.0,0.0,50.0,83123560.0,9.5,10.0,0.0,0.0,0.0,141.55,DDoS-UDP_Flood,DDoS
1.4094021,363331.8,6.0,197.6,207.53258,207.53258,0.0,0,0,0,0,1,0.0,2.0,0.0,14.0,291.5,0,1,0,0,1,0,0,0,0,1,1,1231.8,66.0,790.0,173.96794,255.94757,355.6,0.000648999,5.5,17.579514,361.9645,131982.97,0.5,38.5,BenignTraffic,Benign
0.034461845,12635.51,16.24,69.4,8318.727,8318.727,0.0,0,0,0,0,0,0.04,0.0,0.0,0.07,0.22,0,0,0,0,0,1,0,0,0,1,1,538.6,50.0,58.72,50.821552,2.2585676,52.04,83101920.0,9.5,10.080165,3.2026467,41.298225,0.17,141.55,DDoS-UDP_Flood,DDoS
4.5681467,108.0,6.0,64.0,0.4378143,0.4378143,0.0,0,1,0,0,0,0.0,2.0,0.0,0.0,0.0,0,0,0,0,1,0,0,0,0,1,1,567.0,54.0,54.0,54.0,0.0,54.0,82972980.0,9.5,10.392304,0.0,0.0,0.0,141.55,DoS-SYN_Flood,DoS
0.23523827,618.8,8.2,63.1,20.843079,20.843079,0.0,0,0,0,0,1,0.6,1.4,0.0,1.0,4.0,0,0,0,0,1,0,0,0,0,1,1,847.2,66.0,403.5,157.50858,135.93457,133.8,0.0267617,5.5,17.552275,192.24051,20868.059,0.9,38.5,BenignTraffic,Benign
8.150025,300718.3,7.1,173.1,33.972874,33.972874,0.0,0,0,0,0,1,0.1,0.4,0.0,22.4,306.1,0,1,0,0,1,0,0,0,0,1,1,495.0,64.8,199.2,94.428734,51.440025,79.6,0.004665112,5.5,13.671635,72.74718,3025.8489,0.9,38.5,BenignTraffic,Benign
67.950714,4410242.0,7.1,214.3,66.63432,66.63432,0.0,0,0,0,0,1,0.0,0.0,0.0,226.8,4552.2,0,1,0,0,1,0,0,0,0,1,1,4366.0,50.0,2962.0,289.65808,714.9062,64.4,166522370.0,13.5,24.042286,1013.173,516805.44,1.0,244.6,BenignTraffic,Benign
0.7117811,1676681.0,17.0,64.0,4251.928,4251.928,0.0,0,0,0,0,0,0.0,0.0,0.0,0.0,0.0,0,0,0,0,0,1,0,0,0,1,1,5817.0,554.0,554.0,554.0,0.0,554.0,83784940.0,9.5,33.286633,0.0,0.0,0.0,141.55,Mirai-udpplain,Mirai
12.089504,1090549.0,6.0,164.8,108.31777,108.31777,0.0,0,0,0,0,1,0.0,1.8,0.0,65.2,1109.5,0,1,0,0,1,0,0,0,0,1,1,3041.4,66.0,1088.6,453.44452,479.58286,509.4,0.00154469,5.5,28.13631,678.2326,323629.03,0.8,38.5,BenignTraffic,Benign
64.795845,144024.5,10.4,62.8,9.719463,9.719463,0.0,0,0,0,0,1,0.0,0.0,0.0,388.2,826.5,0,1,0,0,1,0,0,0,0,1,1,2112.7,60.0,331.7,134.00067,92.56001,191.6,166525740.0,13.5,16.365566,131.04237,8791.13,1.0,244.6,BenignTraffic,Benign
0.0,53.46,5.95,64.54,21.122227,21.122227,0.0,1,0,1,0,0,0.99,0.0,0.99,0.0,0.0,0,0,0,0,1,0,0,0,0,1,1,572.72,54.0,59.72,54.44215,1.5091847,54.44,83348330.0,9.5,10.4342575,2.1376398,17.866915,0.13,141.55,DDoS-RSTFINFlood,DDoS
0.016042795,461.72,5.82,62.08,78.7593,78.7593,0.0,0,0,0,0,0,0.0,0.0,0.7,0.0,0.28,0,0,0,0,1,0,0,0,0,1,1,5989.52,136.28,1304.96,567.7723,473.25607,555.78,83335150.0,9.5,31.871016,669.44055,268221.03,0.91,141.55,DDoS-ACK_Fragmentation,DDoS
0.0,54.0,6.0,64.0,2.322846,2.322846,0.0,0,0,0,0,0,0.0,0.0,0.0,0.0,0.0,0,0,0,0,1,0,0,0,0,1,1,567.0,54.0,54.0,54.0,0.0,54.0,82951260.0,9.5,10.392304,0.0,0.0,0.0,141.55,DoS-TCP_Flood,DoS
25.72345,1711625.0,6.0,232.0,64.82411,64.82411,0.0,0,0,0,0,1,0.0,0.0,0.0,61.0,1667.5,0,1,0,0,1,0,0,0,0,1,1,363.0,66.0,66.0,66.0,0.0,66.0,0.001055098,5.5,11.489125,0.0,0.0,0.0,38.5,BenignTraffic,Benign
20.614956,264580.5,7.1,154.3,12.597192,12.597192,0.0,0,0,0,0,1,0.0,0.6,0.0,57.0,335.3,0,1,0,0,1,0,0,0,0,1,1,2091.9,56.2,276.2,135.05627,71.44887,128.6,166524500.0,13.5,16.453917,101.140366,5237.8784,1.0,244.6,BenignTraffic,Benign
59.447247,812268.2,9.3,142.5,47.538246,47.538246,0.0,0,0,0,0,1,0.0,1.0,0.0,228.6,1124.7,0,1,0,0,1,0,0,0,0,1,1,2325.4,54.0,848.0,151.89624,195.08182,89.0,166521460.0,13.5,17.445286,276.37537,38413.387,1.0,244.6,BenignTraffic,Benign
0.0,54.0,6.0,64.0,4.182743,4.182743,0.0,0,1,0,0,0,0.0,1.0,0.0,0.0,0.0,0,0,0,0,1,0,0,0,0,1,1,567.0,54.0,54.0,54.0,0.0,54.0,83093340.0,9.5,10.392304,0.0,0.0,0.0,141.55,DDoS-SYN_Flood,DDoS
0.1225394,440441.4,6.0,81.7,3881.9197,3881.9197,0.0,0,0,0,0,1,0.0,0.0,0.0,73.8,475.7,1,0,0,0,1,0,0,0,0,1,1,13811.0,86.0,2858.0,886.9876,1003.7562,782.0,166520200.0,13.5,42.189747,1421.0873,1013211.8,1.0,244.6,BenignTraffic,Benign
11.708227,27837.0,8.6,50.8,19.016869,19.016869,0.0,0,0,0,0,0,0.0,0.1,0.0,72.9,157.5,0,0,0,0,0,0,0,0,0,1,1,478.7,60.0,150.2,78.59373,28.523087,105.7,0.015612602,5.5,12.464635,40.337738,1739.8214,0.8,38.5,BenignTraffic,Benign
1.1487349,1438655.2,6.0,87.6,825.47894,825.47894,0.0,0,0,0,0,1,0.0,0.0,0.0,13.1,948.2,1,0,0,0,1,0,0,0,0,1,1,12647.8,1182.8,3695.6,2448.6174,891.0638,2020.4,0.000177097,5.5,69.781334,1260.1545,1364748.5,0.6,38.5,BenignTraffic,Benign
79.711395,601635.7,9.8,90.5,38.905746,38.905746,0.0,0,0,0,0,0,0.0,0.6,0.0,246.7,985.1,0,0,0,0,0,0,0,0,0,1,1,1413.6,54.8,440.8,87.68277,86.24148,154.3,166525280.0,13.5,13.158732,122.570244,15172.033,0.8,244.6,BenignTraffic,Benign
9.070407,853.4,12.6,99.6,24.427036,24.427036,0.0,0,0,0,0,0,0.0,0.0,0.0,2.9,4.2,0,0,0,0,0,1,0,0,0,1,1,686.9,62.0,231.9,111.93881,59.706112,134.4,0.034361508,5.5,14.842603,84.437195,4735.9326,0.9,38.5,BenignTraffic,Benign
2.4632728,2253078.0,16.89,63.84,1639.5511,1639.5511,0.0,0,0,0,0,0,0.0,0.0,0.0,0.03,0.05,0,0,0,0,0,1,0,0,0,1,1,5777.0,514.0,554.0,551.52734,9.6055565,549.0,83784930.0,9.5,33.210857,13.622152,1164.2596,0.08,141.55,Mirai-udpplain,Mirai
6.370271,350255.3,7.1,166.2,139.14034,139.14034,0.0,0,0,0,0,1,0.0,1.8,0.0,17.7,292.6,0,1,0,0,1,0,0,0,0,1,1,564.9,66.0,237.2,86.7127,51.6103,234.0,0.002259588,5.5,12.817701,72.98798,18116.432,0.4,38.5,BenignTraffic,Benign
0.0,54.0,6.0,64.0,3.524198,3.524198,0.0,0,0,0,0,0,0.0,0.0,0.0,0.0,0.0,0,0,0,0,1,0,0,0,0,1,1,567.0,54.0,54.0,54.0,0.0,54.0,83067300.0,9.5,10.392304,0.0,0.0,0.0,141.55,DDoS-TCP_Flood,DDoS
0.000548091,54.36,6.05,63.2,20.49985,20.49985,0.0,0,1,0,0,0,0.0,0.98,0.0,0.0,0.0,0,0,0,0,1,0,0,0,0,1,1,567.72,54.0,54.72,54.05279,0.18595478,54.06,83362520.0,9.5,10.397389,0.2634339,0.292861,0.12,141.55,DDoS-SynonymousIP_Flood,DDoS
5.967985,108.0,6.0,64.0,0.33512148,0.33512148,0.0,0,0,0,0,0,0.0,0.0,0.0,0.0,0.0,0,0,0,0,1,0,0,0,0,1,1,567.0,54.0,54.0,54.0,0.0,54.0,82947250.0,9.5,10.392304,0.0,0.0,0.0,141.55,DoS-TCP_Flood,DoS
0.049287416,77.6,6.0,112.6,16.092772,16.092772,0.0,0,0,0,0,0,0.0,0.5,0.9,0.0,0.9,0,0,0,0,1,0,0,0,0,1,1,877.0,54.0,66.0,56.60703,3.1574888,56.0,166847730.0,13.5,10.64128,4.469947,10.02097,1.0,244.6,Recon-HostDiscovery,Recon
31.564157,1364562.8,6.0,133.2,40.20336,40.20336,0.0,0,0,0,0,1,0.0,1.4,0.0,89.5,1353.6,0,1,0,0,1,0,0,0,0,1,1,9974.6,54.0,2962.0,659.00903,866.2183,406.7,166518670.0,13.5,36.29706,1226.9303,754839.4,1.0,244.6,BenignTraffic,Benign
0.0,54.0,6.0,64.0,9467.955,9467.955,0.0,0,0,0,0,0,0.0,0.0,0.0,0.0,0.0,0,0,0,0,1,0,0,0,0,1,1,567.0,54.0,54.0,54.0,0.0,54.0,83033390.0,9.5,10.392304,0.0,0.0,0.0,141.55,DDoS-TCP_Flood,DDoS
11.344022,456418.0,6.0,64.0,42.728058,42.728058,0.0,0,0,0,0,1,0.0,1.8,0.0,38.8,439.0,0,1,0,0,1,0,0,0,0,1,1,31665.8,156.0,3975.6,2033.2252,949.5963,2102.2,166523440.0,13.5,63.68558,1343.3943,906412.94,1.0,244.6,BenignTraffic,Benign
27.513237,274693.6,6.0,110.3,125.28547,125.28547,0.0,0,0,0,0,1,0.0,1.6,0.0,15.5,240.3,0,1,0,0,1,0,0,0,0,1,1,8595.6,54.0,3539.0,1343.5876,1452.4473,1511.8,0.001156306,5.5,48.20732,2054.0706,2647459.0,0.9,38.5,BenignTraffic,Benign
43.354343,3527.3,8.3,54.5,12.122941,12.122941,0.0,0,0,0,0,0,0.4,0.4,0.0,16.4,31.4,0,0,0,0,0,0,0,0,0,1,1,1648.0,54.0,240.6,106.17799,54.344032,122.1,166516670.0,13.5,14.490417,73.96409,2740.1072,1.0,244.6,BenignTraffic,Benign
12.513203,1148294.2,8.2,60.7,58.242687,58.242687,0.0,0,0,0,0,1,0.0,1.4,0.0,50.4,1084.8,0,1,0,0,1,0,0,0,0,1,1,5072.5,103.8,2231.7,752.47534,723.18646,1174.1,0.002900577,5.5,37.52905,1022.74005,700548.75,0.9,38.5,BenignTraffic,Benign
23.824244,1643077.8,6.0,64.0,65.08075,65.08075,0.0,0,0,0,0,1,0.0,2.0,0.0,67.7,1549.5,0,1,0,0,1,0,0,0,0,1,1,15761.7,1803.6,4410.0,3020.3672,1125.2512,2720.9,0.001098514,5.5,77.511696,1591.3455,1414106.4,0.9,38.5,BenignTraffic,Benign
2.7509737,7713.9,8.2,70.0,61.120964,61.120964,0.0,0,0,0,0,1,0.0,0.7,0.0,17.1,40.5,0,1,0,0,1,0,0,0,0,1,1,16183.6,66.0,3447.0,1076.7122,917.29877,231.4,166518980.0,13.5,46.16709,1298.9849,844492.0,1.0,244.6,BenignTraffic,Benign
425.9665,21412.6,8.2,169.2,5.5085382,5.5085382,0.0,0,0,0,0,1,0.3,0.8,0.0,74.0,143.8,0,0,0,0,1,0,0,0,0,1,1,1251.4,56.4,161.8,80.69519,30.007338,94.8,166848290.0,13.5,12.650642,40.77029,832.0421,1.0,244.6,Recon-HostDiscovery,Recon
30.815058,1773918.2,6.0,148.2,58.542305,58.542305,0.0,0,0,0,0,1,0.0,0.0,0.0,118.4,1809.1,0,1,0,0,1,0,0,0,0,1,1,3593.6,66.0,2391.8,429.55865,726.42285,1233.4,0.006766009,5.5,24.101395,1027.317,1537364.9,0.5,38.5,BenignTraffic,Benign
0.0,54.0,6.0,64.0,2.9698253,2.9698253,0.0,1,0,1,0,0,1.0,0.0,1.0,0.0,0.0,0,0,0,0,1,0,0,0,0,1,1,567.0,54.0,54.0,54.0,0.0,54.0,83345176.0,9.5,10.392304,0.0,0.0,0.0,141.55,DDoS-RSTFINFlood,DDoS
0.0,0.0,47.0,64.0,10.70968,10.70968,0.0,0,0,0,0,0,0.0,0.0,0.0,0.0,0.0,0,0,0,0,0,0,0,0,0,1,1,6069.0,578.0,578.0,578.0,0.0,578.0,83646560.0,9.5,34.0,0.0,0.0,0.0,141.55,Mirai-greip_flood,Mirai
0.0,42.0,17.0,64.0,4.1132703,4.1132703,0.0,0,0,0,0,0,0.0,0.0,0.0,0.0,0.0,0,0,0,0,0,1,0,0,0,1,1,441.0,42.0,42.0,42.0,0.0,42.0,83006900.0,9.5,9.165152,0.0,0.0,0.0,141.55,DoS-UDP_Flood,DoS
148.39465,192712.6,12.6,114.7,9.313038,9.313038,0.0,0,0,0,0,0,0.0,0.2,0.0,110.2,352.6,0,0,0,0,0,1,0,0,0,1,1,1105.0,50.0,170.8,70.97409,32.555424,89.6,166526060.0,13.5,11.922702,46.145046,1104.2863,1.0,244.6,BenignTraffic,Benign
21.501814,1375529.1,14.2,60.0,108.65665,108.65665,0.0,0,0,0,0,0,0.0,0.2,0.0,0.9,17.9,0,0,0,0,0,1,0,0,0,1,1,3215.6,63.0,753.6,203.48894,224.7108,369.5,166610370.0,13.5,20.002481,315.20602,50393.914,1.0,244.6,MITM-ArpSpoofing,Spoofing
0.6839794,62.58,33.48,63.35,145035.56,145035.56,0.0,0,0,0,0,0,0.02,0.3,0.16,0.03,0.25,0,0,0,0,0,0,0,0,0,1,1,4350.22,121.05,572.84,412.66373,158.18561,409.82,83646504.0,9.5,27.867523,223.74725,34041.246,0.87,141.55,Mirai-greip_flood,Mirai
0.0,0.0,1.0,64.0,549.46014,549.46014,0.0,0,0,0,0,0,0.0,0.0,0.0,0.0,0.0,0,0,0,0,0,0,0,0,1,1,1,441.0,42.0,42.0,42.0,0.0,42.0,83124420.0,9.5,9.165152,0.0,0.0,0.0,141.55,DDoS-ICMP_Flood,DDoS
0.0,54.0,6.0,64.0,15.686127,15.686127,0.0,0,0,0,0,0,0.0,0.0,0.0,0.0,0.0,1,0,0,0,1,0,0,0,0,1,1,567.0,54.0,54.0,54.0,0.0,54.0,83063970.0,9.5,10.392304,0.0,0.0,0.0,141.55,DDoS-TCP_Flood,DDoS
77.789856,854958.8,8.2,151.8,41.25418,41.25418,0.0,0,0,0,0,1,0.0,0.8,0.0,431.8,1526.4,0,1,0,0,1,0,0,0,0,1,1,872.4,75.0,276.4,156.00548,71.21422,143.4,0.019460486,5.5,17.626505,100.71211,5886.597,0.9,38.5,BenignTraffic,Benign
0.0,0.0,1.0,64.0,32.434406,32.434406,0.0,0,0,0,0,0,0.0,0.0,0.0,0.0,0.0,0,0,0,0,0,0,0,0,1,1,1,441.0,42.0,42.0,42.0,0.0,42.0,83127784.0,9.5,9.165152,0.0,0.0,0.0,141.55,DDoS-ICMP_Flood,DDoS
24.685278,1844767.1,8.2,122.9,94.71913,94.71913,0.0,0,0,0,0,1,0.0,1.6,0.0,72.9,1776.4,0,1,0,0,1,0,0,0,0,1,1,8078.3,66.0,3251.6,1132.6227,1138.7001,1579.8,0.003073287,5.5,43.715015,1610.3651,1889833.6,0.8,38.5,BenignTraffic,Benign
51.02952,64684.4,11.5,139.6,9.101584,9.101584,0.0,0,0,0,0,0,0.0,0.0,0.0,252.4,508.5,0,0,0,0,0,0,0,0,0,1,1,1073.0,121.0,285.2,201.08905,50.40451,190.2,0.03018849,5.5,20.034883,71.282745,3831.529,0.9,38.5,BenignTraffic,Benign
6.800069,58299.1,4.8,66.8,18.760876,18.760876,0.0,0,0,0,0,1,0.0,0.0,0.0,44.9,133.0,0,1,0,0,1,0,0,0,0,1,1,516.0,61.2,147.0,91.581665,38.605515,100.8,0.0397136,5.5,13.505577,54.596443,1661.2181,0.9,38.5,BenignTraffic,Benign
0.0,160.38,16.83,63.36,21.657635,21.657635,0.0,0,0,0,0,0,0.0,0.0,0.0,0.0,0.0,0,0,0,0,0,1,0,0,0,1,1,1699.98,160.98,162.0,161.949,0.22230385,160.98,83011220.0,9.5,18.0,0.0,0.0,0.0,141.55,DoS-UDP_Flood,DoS
5.3639874,488448.0,9.3,146.3,68.87712,68.87712,0.0,0,0,0,0,1,0.0,0.0,0.0,15.1,452.4,0,1,0,0,1,0,0,0,0,1,1,4016.4,369.3,1514.0,889.7276,538.19446,529.7,0.0062572,5.5,41.48897,761.12195,362205.66,0.8,38.5,BenignTraffic,Benign
47.058804,47372.7,10.4,100.1,7.7571535,7.7571535,0.0,0,0,0,0,1,0.0,0.0,0.0,184.7,372.8,0,0,0,0,1,0,0,0,0,1,1,1526.6,52.6,212.6,97.69303,49.42262,114.4,166523740.0,13.5,13.956612,69.93812,2473.6348,1.0,244.6,BenignTraffic,Benign
1.7924258,7602.2,6.0,41.6,9.546439,9.546439,0.0,0,0,0,0,1,0.0,2.8,0.0,6.8,18.9,1,0,0,0,1,0,0,0,0,1,1,1580.2,60.4,299.0,101.803925,59.23258,115.2,166429730.0,13.5,14.282189,83.98321,3749.7952,1.0,244.6,Recon-PortScan,Recon
8.496461,99081.8,7.1,94.9,27.13733,27.13733,0.0,0,0,0,0,1,0.2,0.4,0.0,27.8,139.9,0,1,0,0,1,0,0,0,0,1,1,1819.0,66.0,430.7,110.53118,98.9239,273.6,166519400.0,13.5,14.543422,138.33038,15720.838,1.0,244.6,BenignTraffic,Benign
0.0,0.0,1.0,64.0,60.687187,60.687187,0.0,0,0,0,0,0,0.0,0.0,0.0,0.0,0.0,0,0,0,0,0,0,0,0,1,1,1,441.0,42.0,42.0,42.0,0.0,42.0,83150104.0,9.5,9.165152,0.0,0.0,0.0,141.55,DDoS-ICMP_Flood,DDoS
2.2193806,10273.0,6.11,64.0,4.82736,4.82736,0.0,0,0,0,0,1,0.11,1.73,0.08,3.65,9.37,1,0,0,0,1,0,0,0,0,1,1,6444.19,130.32,1535.1,588.51636,456.99295,725.81,83002670.0,9.5,30.956057,645.43335,341679.6,0.94,141.55,DoS-HTTP_Flood,DoS
130.64388,26180.3,9.9,88.6,1.3486638,1.3486638,0.0,0,0,0,0,0,0.0,0.1,0.0,94.6,190.8,0,0,0,0,0,0,0,0,0,1,1,616.2,77.0,230.0,125.75623,57.04087,101.7,0.029250002,5.5,15.726246,80.66798,3727.7078,0.9,38.5,BenignTraffic,Benign
8.879638,626752.7,6.0,64.0,73.257416,73.257416,0.0,0,0,0,0,1,0.0,0.0,0.0,31.7,650.5,0,1,0,0,1,0,0,0,0,1,1,14313.7,1514.0,4989.2,2499.5469,1273.6788,2431.3,0.001499987,5.5,70.23075,1801.2539,2064013.8,0.8,38.5,BenignTraffic,Benign
2.2758133,2240726.8,16.61,65.69,1792.496,1792.496,0.0,0,0,0,0,0,0.0,0.0,0.0,0.06,0.11,0,0,0,0,0,1,0,0,0,1,1,5763.44,529.24,554.0,551.1108,6.9421463,535.35,83767470.0,9.5,33.204018,9.487116,909.1291,0.05,141.55,Mirai-udpplain,Mirai
24.298546,2115208.0,6.0,231.0,80.683846,80.683846,0.0,0,0,0,0,1,0.0,2.0,0.0,75.0,1959.5,0,1,0,0,1,0,0,0,0,1,1,363.0,66.0,66.0,66.0,0.0,66.0,0.001920891,5.5,11.489125,0.0,0.0,0.0,38.5,BenignTraffic,Benign
0.0,54.0,6.0,64.0,92.66109,92.66109,0.0,0,1,0,0,0,0.0,1.0,0.0,0.0,0.0,0,0,0,0,1,0,0,0,0,1,1,567.0,54.0,54.0,54.0,0.0,54.0,82972980.0,9.5,10.392304,0.0,0.0,0.0,141.55,DoS-SYN_Flood,DoS
0.0,54.0,6.0,64.0,25.184738,25.184738,0.0,0,1,0,0,0,0.0,1.0,0.0,0.0,0.0,0,0,0,0,1,0,0,0,0,1,1,567.0,54.0,54.0,54.0,0.0,54.0,83089910.0,9.5,10.392304,0.0,0.0,0.0,141.55,DDoS-SYN_Flood,DDoS
138.02081,1891.8,12.0,111.6,11.939594,11.939594,0.0,0,0,0,0,0,0.0,0.1,0.0,9.8,15.1,0,0,1,0,0,1,0,0,0,1,1,591.0,62.7,161.8,106.00948,36.271793,107.5,0.033441495,5.5,14.541586,51.296062,1589.3805,0.9,38.5,BenignTraffic,Benign
0.0,54.0,6.0,64.0,78.041794,78.041794,0.0,0,0,0,1,1,0.0,0.0,0.0,1.0,1.0,0,0,0,0,1,0,0,0,0,1,1,567.0,54.0,54.0,54.0,0.0,54.0,83331680.0,9.5,10.392304,0.0,0.0,0.0,141.55,DDoS-PSHACK_Flood,DDoS
28.31918,1338435.2,10.4,82.7,45.89936,45.89936,0.0,0,0,0,0,1,0.0,0.0,0.0,60.9,1390.0,0,1,0,0,1,0,0,0,0,1,1,5515.8,548.8,1948.4,1120.927,539.9773,974.8,0.006297016,5.5,46.98842,763.6432,433835.7,0.7,38.5,BenignTraffic,Benign
0.5745414,1346484.0,6.0,93.5,2434.9834,2434.9834,0.0,0,0,0,0,1,0.0,0.0,0.0,335.7,1399.0,1,0,0,0,1,0,0,0,0,1,1,11955.8,86.0,1601.6,769.5658,697.4361,916.0,166520200.0,13.5,38.94406,968.40625,468909.2,1.0,244.6,BenignTraffic,Benign
0.0,729.02,5.99,64.63,4.1318216,4.1318216,0.0,0,0,0,0,0,0.0,0.0,0.0,0.0,0.48,0,0,0,0,0,0,0,0,0,1,1,10113.16,421.58,1514.0,1000.35236,539.09155,913.48,83335560.0,9.5,44.685856,762.2161,305840.53,0.95,141.55,DDoS-ACK_Fragmentation,DDoS
6.5900574,461591.5,6.0,63.6,214.0093,214.0093,0.0,0,0,0,0,1,0.0,1.8,0.0,47.6,400.7,0,1,0,0,1,0,0,0,0,1,1,12671.0,1079.6,3975.6,2331.6028,972.93665,2093.2,0.000380206,5.5,67.985825,1375.9402,1070131.8,0.9,38.5,BenignTraffic,Benign
9.22599,5833.5,5.4,88.4,419442.03,419442.03,0.0,0,0,0,0,1,0.0,0.4,0.0,26.2,52.0,0,0,0,0,1,0,0,0,0,1,1,748.7,56.4,300.2,127.52933,85.343094,134.5,0.015745591,5.5,15.873428,120.69337,8688.266,0.9,38.5,BenignTraffic,Benign
8.603628,385410.5,6.0,63.6,167.15273,167.15273,0.0,0,0,0,0,1,0.0,1.8,0.0,60.2,342.4,0,1,0,0,1,0,0,0,0,1,1,7458.2,645.2,1514.0,1391.5521,299.38757,1369.2,0.000590587,5.5,52.716022,423.39795,150853.3,0.6,38.5,BenignTraffic,Benign
9.274788,24210.7,8.8,61.9,24.099316,24.099316,0.0,0,0,0,0,0,0.0,0.6,0.4,81.8,168.8,0,1,0,0,1,0,0,0,0,1,1,426.6,63.6,112.0,74.73151,15.58773,78.2,0.013947105,5.5,12.214038,22.04438,389.85367,0.8,38.5,BenignTraffic,Benign
5.5833936,67500.4,7.1,103.6,21.49331,21.49331,0.0,0,0,0,0,1,0.0,0.0,0.0,30.1,120.6,0,1,0,0,1,0,0,0,0,1,1,7162.8,66.0,2667.0,440.6402,757.01263,787.5,166525680.0,13.5,29.438658,1072.5854,576244.6,1.0,244.6,BenignTraffic,Benign
0.0,54.0,6.0,64.0,18.733059,18.733059,0.0,0,0,0,1,1,0.0,0.0,0.0,1.0,1.0,0,0,0,0,1,0,0,0,0,1,1,567.0,54.0,54.0,54.0,0.0,54.0,83314000.0,9.5,10.392304,0.0,0.0,0.0,141.55,DDoS-PSHACK_Flood,DDoS
11.615952,2766580.5,6.0,62.4,199.33795,199.33795,0.0,0,0,0,0,1,0.0,0.0,0.0,740.2,2315.5,0,1,0,0,1,0,0,0,0,1,1,1376.6,66.0,790.0,170.57777,239.38835,790.0,0.000266981,5.5,15.951101,338.54623,302986.66,0.2,38.5,MITM-ArpSpoofing,Spoofing
5.043233,117.55,6.11,65.67,0.42120093,0.42120093,0.0,0,0,0,0,0,0.0,0.02,0.0,0.0,0.01,1,0,0,0,1,0,0,0,0,1,1,594.12,54.2,81.12,56.148735,6.7434096,57.09,82926070.0,9.5,10.587293,9.560009,396.9763,0.27,141.55,DoS-TCP_Flood,DoS
0.0,0.0,47.0,64.0,19.066881,19.066881,0.0,0,0,0,0,0,0.0,0.0,0.0,0.0,0.0,0,0,0,0,0,0,0,0,0,1,1,6069.0,578.0,578.0,578.0,0.0,578.0,83574160.0,9.5,34.0,0.0,0.0,0.0,141.55,Mirai-greip_flood,Mirai
0.053169135,43200.13,16.78,64.0,19677.48,19677.48,0.0,0,0,0,0,0,0.0,0.04,0.0,0.01,0.05,0,0,0,0,0,1,0,0,0,1,1,555.31,50.0,77.91,52.673958,7.705279,52.01,83015400.0,9.5,10.245788,10.910753,400.87595,0.16,141.55,DoS-UDP_Flood,DoS
38.15363,927849.0,8.2,188.8,63.221554,63.221554,0.0,0,0,0,0,1,0.0,1.2,0.0,146.5,1041.2,0,1,0,0,1,0,0,0,0,1,1,584.8,76.6,218.9,115.396385,53.904255,98.3,0.009813499,5.5,15.120878,76.23213,3250.4968,0.9,38.5,BenignTraffic,Benign
0.0,54.0,6.0,64.0,36.431316,36.431316,0.0,0,1,0,0,0,0.0,1.0,0.0,0.0,0.0,1,0,0,0,1,0,0,0,0,1,1,567.0,54.0,54.0,54.0,0.0,54.0,82973520.0,9.5,10.392304,0.0,0.0,0.0,141.55,DoS-SYN_Flood,DoS
4.228147,2229794.5,17.0,64.0,950.1747,950.1747,0.0,0,0,0,0,0,0.0,0.0,0.0,0.0,0.0,0,0,0,0,0,1,0,0,0,1,1,5817.0,554.0,554.0,554.0,0.0,554.0,83763070.0,9.5,33.286633,0.0,0.0,0.0,141.55,Mirai-udpplain,Mirai
0.0,0.0,1.0,64.0,0.99963284,0.99963284,0.0,0,0,0,0,0,0.0,0.0,0.0,0.0,0.0,0,0,0,0,0,0,0,0,1,1,1,441.0,42.0,42.0,42.0,0.0,42.0,83128990.0,9.5,9.165152,0.0,0.0,0.0,141.55,DDoS-ICMP_Flood,DDoS
0.0,54.0,6.0,64.0,2.751074,2.751074,0.0,0,0,0,0,0,0.0,0.0,0.0,0.0,0.0,0,0,0,0,1,0,0,0,0,1,1,567.0,54.0,54.0,54.0,0.0,54.0,82947540.0,9.5,10.392304,0.0,0.0,0.0,141.55,DoS-TCP_Flood,DoS
0.0,54.0,6.0,64.0,4.87938,4.87938,0.0,0,1,0,0,0,0.0,1.0,0.0,0.0,0.0,0,0,0,0,1,0,0,0,0,1,1,567.0,54.0,54.0,54.0,0.0,54.0,83094140.0,9.5,10.392304,0.0,0.0,0.0,141.55,DDoS-SYN_Flood,DDoS
1.741856,231112.4,6.0,164.8,114.72006,114.72006,0.0,0,0,0,0,1,0.0,2.0,0.0,11.4,208.2,0,1,0,0,1,0,0,0,0,1,1,1512.8,94.1,697.1,242.02179,242.6773,528.5,0.000602293,5.5,21.1483,343.19754,108370.94,0.9,38.5,BenignTraffic,Benign
220.4609,323373.6,7.7,76.0,7.301697,7.301697,0.0,0,0,0,0,1,0.0,0.0,0.0,860.1,1816.3,0,0,0,0,1,0,0,0,0,1,1,1855.2,66.0,230.0,119.664696,53.97948,113.6,166526100.0,13.5,15.487491,76.33299,2914.7083,1.0,244.6,BenignTraffic,Benign
0.029371427,8525.0,17.0,64.0,5776.867,5776.867,0.0,0,0,0,0,0,0.0,0.0,0.0,0.0,0.0,0,0,0,0,0,1,0,0,0,1,1,525.0,50.0,50.0,50.0,0.0,50.0,83102470.0,9.5,10.0,0.0,0.0,0.0,141.55,DDoS-UDP_Flood,DDoS
0.0,5.78,45.65,64.45,41.00465,41.00465,0.0,0,0,0,0,0,0.0,0.0,0.0,0.0,0.01,0,0,0,0,0,0,0,0,0,1,1,6022.38,552.1,578.0,575.42804,7.69444,567.64,83646696.0,9.5,33.921677,10.932071,1206.1997,0.05,141.55,Mirai-greip_flood,Mirai
113.11017,145737.8,9.2,68.6,7.0652637,7.0652637,0.0,0,0,0,0,0,0.0,0.0,0.0,485.4,997.0,0,0,0,0,0,0,0,0,0,1,1,1689.6,60.0,230.0,109.41931,56.555836,107.2,166521860.0,13.5,14.797706,80.15374,3218.124,1.0,244.6,BenignTraffic,Benign
47.80014,43222.8,8.2,81.2,16.979458,16.979458,0.0,0,0,0,0,1,0.0,1.0,0.0,143.2,298.1,0,1,0,0,1,0,0,0,0,1,1,754.1,82.3,299.0,150.5644,82.717026,152.4,0.010696101,5.5,17.192219,116.979546,7771.9966,0.9,38.5,BenignTraffic,Benign
1.5315442,128.52,6.0,64.0,1.2436838,1.2436838,0.0,0,1,0,0,0,0.0,2.38,0.0,0.0,0.0,0,0,0,0,1,0,0,0,0,1,1,567.0,54.0,54.0,54.0,0.0,54.0,83361256.0,9.5,10.392304,0.0,0.0,0.0,141.55,DDoS-SynonymousIP_Flood,DDoS
0.0,54.0,6.0,64.0,742.61755,742.61755,0.0,0,0,0,1,1,0.0,0.0,0.0,1.0,1.0,0,0,0,0,1,0,0,0,0,1,1,567.0,54.0,54.0,54.0,0.0,54.0,83313710.0,9.5,10.392304,0.0,0.0,0.0,141.55,DDoS-PSHACK_Flood,DDoS
0.0,0.0,1.0,64.0,58.087223,58.087223,0.0,0,0,0,0,0,0.0,0.0,0.0,0.0,0.0,0,0,0,0,0,0,0,0,1,1,1,441.0,42.0,42.0,42.0,0.0,42.0,83128970.0,9.5,9.165152,0.0,0.0,0.0,141.55,DDoS-ICMP_Flood,DDoS
3.2397633,102.6,6.0,64.0,0.52399325,0.52399325,0.0,0,1,0,0,0,0.0,1.9,0.0,0.0,0.0,0,0,0,0,1,0,0,0,0,1,1,567.0,54.0,54.0,54.0,0.0,54.0,83362050.0,9.5,10.392304,0.0,0.0,0.0,141.55,DDoS-SynonymousIP_Flood,DDoS
0.0,54.0,6.0,64.0,81.46811,81.46811,0.0,1,0,1,0,0,1.0,0.0,1.0,0.0,0.0,0,0,0,0,1,0,0,0,0,1,1,567.0,54.0,54.0,54.0,0.0,54.0,83343810.0,9.5,10.392304,0.0,0.0,0.0,141.55,DDoS-RSTFINFlood,DDoS
37.31008,1243858.2,7.1,116.1,73.62687,73.62687,0.0,0,0,0,0,1,0.0,1.4,0.0,81.7,1162.1,0,1,0,0,1,0,0,0,0,1,1,19793.3,790.0,9381.7,3304.1243,3131.598,2910.3,0.01019578,5.5,79.59823,4428.748,13630980.0,0.8,38.5,BenignTraffic,Benign
0.7238721,2106960.5,6.0,93.5,2924.039,2924.039,0.0,0,0,0,0,1,0.0,0.0,0.0,428.5,2116.6,1,0,0,0,1,0,0,0,0,1,1,7971.4,370.4,2858.0,1634.27,1169.2333,1196.8,9.62e-05,5.5,56.66423,1653.5455,1522108.0,0.9,38.5,BenignTraffic,Benign
0.010798309,10625.0,17.0,64.0,19612.143,19612.143,0.0,0,0,0,0,0,0.0,0.0,0.0,0.0,0.0,0,0,0,0,0,1,0,0,0,1,1,525.0,50.0,50.0,50.0,0.0,50.0,83016010.0,9.5,10.0,0.0,0.0,0.0,141.55,DoS-UDP_Flood,DoS
101.570984,88037.2,9.3,114.2,5.4992614,5.4992614,0.0,0,0,0,0,1,0.0,0.0,0.0,274.6,563.8,0,0,0,0,1,0,0,0,0,1,1,793.1,88.2,216.8,151.11722,49.107918,128.1,0.019362997,5.5,17.35901,69.44908,3126.863,0.8,38.5,BenignTraffic,Benign
0.47324377,1347476.6,6.0,123.0,2857.1914,2857.1914,0.0,0,0,0,1,1,0.0,0.0,0.0,220.6,1352.3,1,0,0,0,1,0,0,0,0,1,1,11112.2,1462.0,2578.8,1928.2197,546.4475,2020.4,0.000165319,5.5,61.96356,772.7935,373443.03,0.8,38.5,BenignTraffic,Benign
25.143377,720309.1,5.9,69.5,30.366842,30.366842,0.0,0,0,0,0,1,0.0,0.6,0.0,144.5,899.8,0,1,0,0,1,0,0,0,0,1,1,1981.4,60.0,1005.6,252.71873,329.58185,787.4,0.022129297,5.5,20.209839,466.09912,299382.0,0.9,38.5,BenignTraffic,Benign
2.227007,97.59,6.11,65.67,0.7622254,0.7622254,0.0,0,1,0,0,0,0.0,1.79,0.0,0.0,0.04,0,0,0,0,1,0,0,0,0,1,1,568.75,54.0,55.75,54.111794,0.42624217,54.23,83362620.0,9.5,10.402857,0.5919067,1.9569548,0.09,141.55,DDoS-SynonymousIP_Flood,DDoS
0.0,2.72,43.88,67.51,23.54882,23.54882,0.0,0,0,0,0,0,0.01,0.0,0.0,0.01,0.02,0,0,0,0,0,0,0,0,0,1,1,6096.22,472.56,592.0,581.7217,32.604034,582.78,83677256.0,9.5,34.102943,46.17609,4526.366,0.52,141.55,Mirai-greeth_flood,Mirai
1.0950731,125428.0,6.0,64.0,102.72965,102.72965,0.0,0,0,0,0,1,0.0,2.0,0.0,12.0,111.5,0,1,0,0,1,0,0,0,0,1,1,8327.0,1514.0,1514.0,1514.0,0.0,1514.0,0.000456023,5.5,55.027267,0.0,0.0,0.0,38.5,BenignTraffic,Benign
18.03151,10575.1,7.0,67.6,1.8106784,1.8106784,0.0,0,0,0,0,1,0.9,0.4,0.0,27.1,59.4,0,0,0,0,1,0,0,0,0,1,1,1474.5,60.0,230.0,95.51925,58.89746,82.9,166524560.0,13.5,13.823412,83.50129,3494.1028,1.0,244.6,BenignTraffic,Benign
6.424162,108.0,6.0,64.0,0.31132624,0.31132624,0.0,0,1,0,0,0,0.0,2.0,0.0,0.0,0.0,0,1,0,0,1,0,0,0,0,1,1,567.0,54.0,54.0,54.0,0.0,54.0,82986030.0,9.5,10.392304,0.0,0.0,0.0,141.55,DoS-SYN_Flood,DoS
31.568993,233527.7,9.3,156.6,41.890957,41.890957,0.0,0,0,0,0,1,0.4,1.0,0.0,88.1,343.3,0,1,0,0,1,0,0,0,0,1,1,1751.0,116.7,761.2,328.51743,228.63971,474.3,0.00707159,5.5,25.333166,323.3454,73448.0,0.9,38.5,BenignTraffic,Benign
19.152,4923.5,10.4,78.8,12.182604,12.182604,0.0,0,0,0,0,0,0.4,0.8,0.0,19.4,40.0,0,0,0,0,1,0,0,0,0,1,1,781.0,68.4,305.9,135.30759,84.294846,133.7,0.015125608,5.5,16.367338,119.210915,8851.763,0.9,38.5,BenignTraffic,Benign
0.29734483,200235.28,16.34,67.08,514.59656,514.59656,0.0,0,0,0,0,0,0.0,0.0,0.0,0.0,0.0,0,0,0,0,0,0,0,0,0,1,1,8592.54,224.66,1399.2,770.9571,530.9772,872.76,83370610.0,9.5,38.65783,750.7571,308858.97,0.95,141.55,DDoS-UDP_Fragmentation,DDoS
1.8956705,243817.45,16.56,63.12,83.83059,83.83059,0.0,0,0,0,0,0,0.0,0.05,0.0,0.0,0.03,0,0,0,0,0,0,0,0,0,1,1,9538.58,305.02,1465.28,894.4052,545.01044,906.26,83366440.0,9.5,42.013653,770.8296,314862.7,0.95,141.55,DDoS-UDP_Fragmentation,DDoS
15.745772,409031.9,5.9,101.3,33.39276,33.39276,0.0,0,0,0,0,1,0.0,1.5,0.0,87.2,488.6,0,1,0,0,1,0,0,0,0,1,1,528.0,63.6,216.6,88.838295,51.89819,101.3,0.005835414,5.5,13.246483,73.39513,4528.742,0.6,38.5,BenignTraffic,Benign
0.010133371,3.88,1.16,64.64,3.4292114,3.4292114,0.0,0,0,0,0,0,0.0,0.0,0.0,0.0,0.0,0,0,0,0,0,0,0,0,1,1,1,9923.76,379.16,1502.48,967.47675,546.5389,935.59,83487350.0,9.5,43.883984,772.86774,314490.47,0.95,141.55,DDoS-ICMP_Fragmentation,DDoS
0.0,2.3,1.16,65.91,11.331134,11.331134,0.0,0,0,0,0,0,0.0,0.0,0.0,0.0,0.0,0,0,0,0,0,0,0,0,1,1,1,442.88,42.0,43.88,42.094,0.4097365,43.88,83129064.0,9.5,9.165152,0.0,0.0,0.0,141.55,DDoS-ICMP_Flood,DDoS
8.612823,977501.4,5.4,124.8,105.46341,105.46341,0.0,0,0,0,0,1,0.0,1.8,0.0,38.2,907.2,0,1,0,0,1,0,0,0,0,1,1,11794.0,63.6,2962.0,767.8488,885.0896,666.4,166521890.0,13.5,39.24202,1253.148,786293.2,1.0,244.6,BenignTraffic,Benign
22.062847,525702.1,7.1,101.8,86.0369,86.0369,0.0,0,0,0,0,1,0.0,1.0,0.0,94.8,599.1,0,1,0,0,1,0,0,0,0,1,1,14406.7,66.0,2962.0,935.5291,864.54,820.6,166523570.0,13.5,43.30239,1224.0105,749948.9,1.0,244.6,BenignTraffic,Benign
37.022213,2154606.5,6.0,64.0,56.93684,56.93684,0.0,0,0,0,0,1,0.0,0.0,0.0,74.4,2116.2,0,1,0,0,1,0,0,0,0,1,1,8616.6,210.8,2382.8,1450.6212,733.7721,1658.8,0.002652001,5.5,53.483692,1037.7104,610239.5,0.9,38.5,BenignTraffic,Benign
0.03199927,22475.0,17.0,64.0,14037.892,14037.892,0.0,0,0,0,0,0,0.0,0.0,0.0,0.0,0.0,0,0,0,0,0,1,0,0,0,1,1,525.0,50.0,50.0,50.0,0.0,50.0,83012380.0,9.5,10.0,0.0,0.0,0.0,141.55,DoS-UDP_Flood,DoS
9.718076,1009868.4,6.0,64.0,99.19327,99.19327,0.0,0,0,0,0,1,0.0,2.0,0.0,42.4,988.5,0,1,0,0,1,0,0,0,0,1,1,9721.2,1508.0,2479.8,1691.0635,356.8156,1994.9,0.000642586,5.5,58.087177,504.61346,218417.77,0.6,38.5,BenignTraffic,Benign
3.3929706,1359471.0,6.0,93.5,317.568,317.568,0.0,0,0,0,0,1,0.0,2.0,0.0,5.0,1076.5,0,1,0,0,1,0,0,0,0,1,1,7083.0,66.0,3286.0,862.1111,1219.7794,2166.0,0.001956105,5.5,34.13989,1725.0287,3038545.0,0.5,38.5,MITM-ArpSpoofing,Spoofing
0.0,0.0,1.0,64.0,74.029755,74.029755,0.0,0,0,0,0,0,0.0,0.0,0.0,0.0,0.0,0,0,0,0,0,0,0,0,1,1,1,441.0,42.0,42.0,42.0,0.0,42.0,83124870.0,9.5,9.165152,0.0,0.0,0.0,141.55,DDoS-ICMP_Flood,DDoS
4.402449,63936.6,7.1,97.6,16.079636,16.079636,0.0,0,0,0,0,1,0.0,0.0,0.0,26.0,107.7,0,1,0,0,1,0,0,0,0,1,1,4226.2,66.0,1630.0,274.85754,400.49493,272.5,166524740.0,13.5,23.151737,553.90234,154186.22,1.0,244.6,BenignTraffic,Benign
10.347052,3643.8,4.8,65.9,46.200386,46.200386,0.0,0,0,0,0,1,0.0,1.4,0.0,2.7,8.0,0,0,0,0,1,0,0,0,0,1,1,655.5,64.8,266.7,105.68631,67.56095,119.1,0.021943307,5.5,14.354546,95.545616,7616.288,0.7,38.5,BenignTraffic,Benign
37.561424,1969992.6,8.2,59.7,49.808083,49.808083,0.0,0,0,0,0,1,0.0,0.0,0.0,185.2,2086.0,0,1,0,0,1,0,0,0,0,1,1,4185.0,54.8,1232.6,578.8417,512.92694,1087.0,0.01151371,5.5,31.269363,725.38824,373818.75,0.9,38.5,BenignTraffic,Benign
0.0,54.0,6.0,64.0,1.4135275,1.4135275,0.0,1,0,1,0,0,1.0,0.0,1.0,0.0,0.0,0,1,0,0,1,0,0,0,0,1,1,567.0,54.0,54.0,54.0,0.0,54.0,83340910.0,9.5,10.392304,0.0,0.0,0.0,141.55,DDoS-RSTFINFlood,DDoS
31.341259,2108435.8,6.0,181.6,56.21139,56.21139,0.0,0,0,0,0,1,0.1,0.4,0.0,73.9,2042.1,0,1,0,0,1,0,0,0,0,1,1,8921.7,66.0,2962.0,589.4505,849.8168,178.9,166518160.0,13.5,34.32969,1203.7692,726656.44,1.0,244.6,BenignTraffic,Benign
0.0,0.0,1.0,64.0,1.3368863,1.3368863,0.0,0,0,0,0,0,0.0,0.0,0.0,0.0,0.0,0,0,0,0,0,0,0,0,1,1,1,441.0,42.0,42.0,42.0,0.0,42.0,83128500.0,9.5,9.165152,0.0,0.0,0.0,141.55,DDoS-ICMP_Flood,DDoS
41.554485,2682050.8,7.1,64.0,64.03997,64.03997,0.0,0,0,0,0,1,0.0,1.8,0.0,120.6,2616.3,0,1,0,0,1,0,0,0,0,1,1,6871.0,58.0,1368.4,1087.5422,505.52478,1368.4,0.003724909,5.5,45.06532,714.92004,292381.7,0.9,38.5,BenignTraffic,Benign
1.450591,94.5,5.94,63.36,1.0484713,1.0484713,0.0,0,1,0,0,0,0.0,1.75,0.0,0.0,0.0,0,0,0,0,1,0,0,0,0,1,1,568.02,54.0,55.02,54.105865,0.29913497,54.06,83362340.0,9.5,10.40247,0.42349488,0.55141765,0.17,141.55,DDoS-SynonymousIP_Flood,DDoS
0.0,54.0,6.0,64.0,0.6250453,0.6250453,0.0,0,0,0,1,1,0.0,0.0,0.0,1.0,1.0,0,0,0,0,1,0,0,0,0,1,1,567.0,54.0,54.0,54.0,0.0,54.0,83314430.0,9.5,10.392304,0.0,0.0,0.0,141.55,DDoS-PSHACK_Flood,DDoS
24.062439,767345.5,6.0,215.2,72.44385,72.44385,0.0,0,0,0,0,1,0.0,1.8,0.0,116.0,867.4,0,1,0,0,1,0,0,0,0,1,1,9010.0,66.0,2121.0,599.99585,739.73444,75.0,166518130.0,13.5,34.57076,1048.1083,550265.75,1.0,244.6,BenignTraffic,Benign
2.0990338,435281.0,6.0,114.4,145.54109,145.54109,0.0,0,0,0,0,1,0.0,2.0,0.0,14.0,304.5,0,1,0,0,1,0,0,0,0,1,1,25639.0,66.0,4410.0,1674.5557,1062.4296,1079.6,166520770.0,13.5,57.83753,1506.2639,1136211.5,1.0,244.6,BenignTraffic,Benign
0.9726199,18617.5,13.7,49.0,20.545383,20.545383,0.0,0,0,0,0,0,0.0,0.6,0.0,2.4,23.7,0,0,0,0,0,1,0,0,0,1,1,1405.7,61.2,174.5,87.64741,42.435627,157.4,166519630.0,13.5,13.137665,59.618668,2605.9849,0.7,244.6,BenignTraffic,Benign
24.08194,4907.9,9.3,64.0,4.0200953,4.0200953,0.0,0,0,0,0,0,0.0,0.2,0.0,1.3,3.2,0,0,0,0,0,0,0,0,0,1,1,485.5,50.0,138.5,84.34365,31.165298,88.7,0.017716194,5.5,12.931884,44.07439,1133.7384,0.9,38.5,BenignTraffic,Benign
0.69618505,481143.47,17.0,64.0,1531.484,1531.484,0.0,0,0,0,0,0,0.0,0.0,0.0,0.0,0.0,0,0,0,0,0,1,0,0,0,1,1,5817.0,554.0,554.0,554.0,0.0,554.0,83784630.0,9.5,33.286633,0.0,0.0,0.0,141.55,Mirai-udpplain,Mirai
0.0,54.0,6.0,64.0,26.942564,26.942564,0.0,0,1,0,0,0,0.0,1.0,0.0,0.0,0.0,0,0,0,0,1,0,0,0,0,1,1,567.0,54.0,54.0,54.0,0.0,54.0,82972980.0,9.5,10.392304,0.0,0.0,0.0,141.55,DoS-SYN_Flood,DoS
0.0,0.0,47.0,64.0,3.8915772,3.8915772,0.0,0,0,0,0,0,0.0,0.0,0.0,0.0,0.0,0,0,0,0,0,0,0,0,0,1,1,6216.0,592.0,592.0,592.0,0.0,592.0,83681176.0,9.5,34.4093,0.0,0.0,0.0,141.55,Mirai-greeth_flood,Mirai
0.0,54.0,6.0,64.0,0.9836815,0.9836815,0.0,0,1,0,0,0,0.0,1.0,0.0,0.0,0.0,0,0,0,0,1,0,0,0,0,1,1,567.0,54.0,54.0,54.0,0.0,54.0,83094344.0,9.5,10.392304,0.0,0.0,0.0,141.55,DDoS-SYN_Flood,DDoS
0.000413752,7.96,44.56,65.79,108.91081,108.91081,0.0,0,0,0,0,0,0.0,0.0,0.0,0.0,0.0,0,0,0,0,0,0,0,0,0,1,1,5893.4,373.59,586.68,558.1799,67.622025,557.94,83681390.0,9.5,33.30286,95.79372,11662.076,0.43,141.55,Mirai-greeth_flood,Mirai
3.0516238,4587951.0,17.0,64.0,2713.795,2713.795,0.0,0,0,0,0,0,0.0,0.0,0.0,0.0,0.0,0,0,0,0,0,1,0,0,0,1,1,5817.0,554.0,554.0,554.0,0.0,554.0,83767590.0,9.5,33.286633,0.0,0.0,0.0,141.55,Mirai-udpplain,Mirai
0.0,54.0,6.0,64.0,1.1027024,1.1027024,0.0,0,0,0,0,0,0.0,0.0,0.0,0.0,0.0,0,0,0,0,1,0,0,0,0,1,1,567.0,54.0,54.0,54.0,0.0,54.0,82951256.0,9.5,10.392304,0.0,0.0,0.0,141.55,DoS-TCP_Flood,DoS
0.0,0.0,46.53,63.36,20.053137,20.053137,0.0,0,0,0,0,0,0.0,0.0,0.0,0.0,0.0,0,0,0,0,0,0,0,0,0,1,1,6136.2,512.2,592.0,585.0074,22.091673,586.68,83681150.0,9.5,34.200806,31.28261,3351.6145,0.15,141.55,Mirai-greeth_flood,Mirai
0.38116485,221437.78,17.0,64.43,421.11426,421.11426,0.0,0,0,0,0,0,0.0,0.0,0.0,0.0,0.0,0,0,0,0,0,1,0,0,0,1,1,9615.36,312.68,1479.44,907.5476,549.98486,922.04,83370860.0,9.5,42.448326,777.7921,318679.2,0.95,141.55,DDoS-UDP_Fragmentation,DDoS
10.806147,13353.8,5.4,67.4,10.575635,10.575635,0.0,0,0,0,0,1,0.0,0.0,0.0,58.6,117.4,0,1,0,0,1,0,0,0,0,1,1,848.6,82.2,388.2,171.17722,109.44332,129.8,0.023483897,5.5,18.35833,154.77623,13471.986,0.9,38.5,BenignTraffic,Benign
14.0897255,1040617.2,6.0,64.0,70.44133,70.44133,0.0,0,0,0,0,1,0.0,0.0,0.0,35.0,992.5,0,1,0,0,1,0,0,0,0,1,1,10354.2,1514.0,2527.6,1796.7047,451.6089,1948.4,0.001760817,5.5,59.855103,638.67145,292181.16,0.7,38.5,BenignTraffic,Benign
0.0,0.0,46.53,63.36,10.1164465,10.1164465,0.0,0,0,0,0,0,0.0,0.0,0.0,0.0,0.0,0,0,0,0,0,0,0,0,0,1,1,6168.12,544.12,592.0,588.9258,11.690682,586.68,83681064.0,9.5,34.318176,16.57339,1534.2526,0.09,141.55,Mirai-greeth_flood,Mirai
48.48137,777191.9,8.2,136.4,22.217272,22.217272,0.0,0,0,0,0,1,0.0,0.0,0.0,230.7,1100.9,0,1,0,0,1,0,0,0,0,1,1,13601.7,66.0,2882.0,902.82715,910.6745,256.7,166519300.0,13.5,42.265068,1288.6548,830804.0,1.0,244.6,BenignTraffic,Benign
34.040108,111037.0,8.2,197.6,73.28991,73.28991,0.0,0,0,0,0,1,0.8,1.6,0.0,10.4,78.0,0,1,0,0,1,0,0,0,0,1,1,24109.6,50.8,4410.0,1610.0043,1410.926,63.6,166526080.0,13.5,56.628014,1996.932,1996081.0,1.0,244.6,BenignTraffic,Benign
0.0,54.0,6.0,64.0,0.8338184,0.8338184,0.0,0,0,0,1,1,0.0,0.0,0.0,1.0,1.0,0,0,0,0,1,0,0,0,0,1,1,567.0,54.0,54.0,54.0,0.0,54.0,83330940.0,9.5,10.392304,0.0,0.0,0.0,141.55,DDoS-PSHACK_Flood,DDoS
41.222267,3266120.0,6.0,64.0,73.030914,73.030914,0.0,0,0,0,0,1,0.0,2.0,0.0,114.0,3009.5,0,1,0,0,1,0,0,0,0,1,1,16321.0,60.0,1514.0,1036.096,667.6859,1514.0,166517650.0,13.5,45.435726,945.73486,448049.34,1.0,244.6,BenignTraffic,Benign
5.824629,169979.8,7.6,76.4,80.09873,80.09873,0.0,0,0,0,0,1,0.4,0.9,0.0,40.0,233.2,0,0,0,0,1,0,0,0,0,1,1,2166.9,64.8,820.0,140.98972,201.00836,115.1,166429820.0,13.5,16.803528,284.84326,40773.39,1.0,244.6,Recon-PortScan,Recon
0.007636006,10175.0,17.0,64.0,26599.416,26599.416,0.0,0,0,0,0,0,0.0,0.0,0.0,0.0,0.0,0,0,0,0,0,1,0,0,0,1,1,525.0,50.0,50.0,50.0,0.0,50.0,83097610.0,9.5,10.0,0.0,0.0,0.0,141.55,DDoS-UDP_Flood,DDoS
0.0,0.0,1.0,64.0,31.950274,31.950274,0.0,0,0,0,0,0,0.0,0.0,0.0,0.0,0.0,0,0,0,0,0,0,0,0,1,1,1,441.0,42.0,42.0,42.0,0.0,42.0,83149464.0,9.5,9.165152,0.0,0.0,0.0,141.55,DDoS-ICMP_Flood,DDoS
13.53926,736365.7,6.0,114.4,56.721806,56.721806,0.0,0,0,0,0,1,0.0,1.6,0.0,59.8,748.0,0,1,0,0,1,0,0,0,0,1,1,4643.8,373.6,1514.0,987.0623,544.16644,802.2,0.003893399,5.5,43.9191,769.56757,371503.97,0.8,38.5,BenignTraffic,Benign
0.0,0.0,47.0,64.0,51.798477,51.798477,0.0,0,0,0,0,0,0.0,0.0,0.0,0.0,0.0,0,0,0,0,0,0,0,0,0,1,1,6069.0,578.0,578.0,578.0,0.0,578.0,83573350.0,9.5,34.0,0.0,0.0,0.0,141.55,Mirai-greip_flood,Mirai
0.15895586,79111.2,17.0,64.0,900.3212,900.3212,0.0,0,0,0,0,0,0.0,0.0,0.0,0.0,0.0,0,0,0,0,0,1,0,0,0,1,1,5817.0,554.0,554.0,554.0,0.0,554.0,83784680.0,9.5,33.286633,0.0,0.0,0.0,141.55,Mirai-udpplain,Mirai
132.44661,2300.0,9.3,120.7,7.866838,7.866838,0.0,0,0,0,0,1,0.4,0.6,0.0,2.5,6.9,0,0,0,0,1,0,0,0,0,1,1,2257.4,50.0,441.0,147.41078,98.0367,95.9,166516580.0,13.5,17.18727,138.69618,9625.804,1.0,244.6,BenignTraffic,Benign
76.801285,107449.6,9.7,44.4,20.423294,20.423294,0.0,0,0,0,0,0,0.0,0.0,0.0,114.9,238.7,0,0,0,0,0,0,0,0,0,1,1,376.2,51.8,117.2,65.5996,20.760975,69.2,0.010884404,5.5,11.435473,29.360453,744.4539,0.9,38.5,BenignTraffic,Benign
0.0,54.0,6.0,64.0,212.88182,212.88182,0.0,0,0,0,0,0,0.0,0.0,0.0,0.0,0.0,0,0,0,0,1,0,0,0,0,1,1,567.0,54.0,54.0,54.0,0.0,54.0,83072370.0,9.5,10.392304,0.0,0.0,0.0,141.55,DDoS-TCP_Flood,DDoS
0.0,54.0,6.0,64.0,86.37009,86.37009,0.0,0,1,0,0,0,0.0,1.0,0.0,0.0,0.0,0,0,0,0,1,0,0,0,0,1,1,567.0,54.0,54.0,54.0,0.0,54.0,83089190.0,9.5,10.392304,0.0,0.0,0.0,141.55,DDoS-SYN_Flood,DDoS
35.309914,1214719.8,7.1,150.3,63.191067,63.191067,0.0,0,0,0,0,1,0.0,1.6,0.0,148.1,1412.4,0,1,0,0,1,0,0,0,0,1,1,28294.6,670.6,4989.2,1846.3577,1084.6311,1249.8,166524860.0,13.5,60.837643,1532.645,1281074.1,1.0,244.6,BenignTraffic,Benign
64.88745,4627720.0,6.0,231.0,73.51961,73.51961,0.0,0,0,0,0,1,0.0,0.0,0.0,237.0,4770.5,0,1,0,0,1,0,0,0,0,1,1,363.0,66.0,66.0,66.0,0.0,66.0,0.000991607,5.5,11.489125,0.0,0.0,0.0,38.5,BenignTraffic,Benign
0.045607314,696.06,6.32,69.42,7.391325,7.391325,0.0,0,0,0,0,0,0.01,0.08,0.0,0.0,0.5,0,0,0,0,0,0,0,0,0,1,1,9138.94,248.2,1488.2,872.7237,564.4941,860.46,83336650.0,9.5,41.54014,798.2188,336173.7,0.95,141.55,DDoS-ACK_Fragmentation,DDoS
1.6712421,449445.8,6.0,97.6,227.07527,227.07527,0.0,0,0,0,0,1,0.0,2.0,0.0,15.0,378.5,0,1,0,0,1,0,0,0,0,1,1,6299.8,66.0,1369.2,1020.5308,561.4767,1224.4,0.000666404,5.5,43.781796,794.048,352882.03,0.9,38.5,BenignTraffic,Benign
0.0,0.0,1.0,64.0,4.0466332,4.0466332,0.0,0,0,0,0,0,0.0,0.0,0.0,0.0,0.0,0,0,0,0,0,0,0,0,1,1,1,441.0,42.0,42.0,42.0,0.0,42.0,83150270.0,9.5,9.165152,0.0,0.0,0.0,141.55,DDoS-ICMP_Flood,DDoS
10.137208,332662.9,6.0,181.6,181.48769,181.48769,0.0,0,0,0,0,1,0.0,1.8,0.0,70.3,367.7,0,1,0,0,1,0,0,0,0,1,1,2914.6,93.0,1378.2,578.5899,583.01,364.6,0.000381613,5.5,33.114418,824.5007,379207.47,0.9,38.5,BenignTraffic,Benign
1.0772103,109746.0,6.0,164.2,77.50959,77.50959,0.0,0,0,0,0,1,0.0,2.0,0.0,12.0,82.5,0,1,0,0,1,0,0,0,0,1,1,10071.0,66.0,3251.6,630.102,911.20154,934.8,166521140.0,13.5,35.181736,1290.3422,889654.2,1.0,244.6,BenignTraffic,Benign
0.024321787,32.14,1.3,63.22,119.78779,119.78779,0.0,0,0,0,0,0,0.0,0.06,0.0,0.01,0.06,0,0,0,0,0,0,0,0,1,1,1,9289.76,317.72,1456.4,855.4243,545.29626,893.32,83254360.0,9.5,41.18283,770.9469,312946.28,0.95,141.55,DDoS-ICMP_Fragmentation,DDoS
6.3225293,452343.7,8.2,149.9,51.735798,51.735798,0.0,0,0,0,0,1,0.4,0.6,0.0,12.5,450.6,0,0,0,0,1,0,0,0,0,1,1,14488.2,66.0,1514.0,964.3185,660.0803,133.4,166517540.0,13.5,43.856533,933.4436,438152.5,1.0,244.6,BenignTraffic,Benign
151.79037,6367.8,8.7,99.6,8.7177305,8.7177305,0.0,0,0,0,0,1,0.2,0.4,0.0,19.7,32.7,0,0,0,0,1,0,0,0,0,1,1,748.3,66.2,244.7,126.163925,66.38869,131.7,0.013824511,5.5,15.792285,93.88779,5481.948,0.9,38.5,BenignTraffic,Benign
0.0,0.0,47.0,64.0,288.51617,288.51617,0.0,0,0,0,0,0,0.0,0.0,0.0,0.0,0.0,0,0,0,0,0,0,0,0,0,1,1,6216.0,592.0,592.0,592.0,0.0,592.0,83677416.0,9.5,34.4093,0.0,0.0,0.0,141.55,Mirai-greeth_flood,Mirai
106.34203,3940582.5,10.4,83.1,33.6135,33.6135,0.0,0,0,0,0,1,0.0,0.0,0.0,144.6,3729.5,0,0,0,0,1,0,0,0,0,1,1,10566.6,923.6,5858.0,2565.7166,1840.4338,1411.7,0.009191298,5.5,69.42093,2602.7664,3785835.0,0.9,38.5,BenignTraffic,Benign
9.366131,140.48,6.0,64.0,0.2754627,0.2754627,0.0,0,1,0,0,0,0.0,2.29,0.29,0.0,0.29,0,0,0,0,1,0,0,0,0,1,1,567.0,54.0,54.0,54.0,0.0,54.0,82973120.0,9.5,10.392304,0.0,0.0,0.0,141.55,DoS-SYN_Flood,DoS
0.0,54.0,6.0,64.0,2.6871119,2.6871119,0.0,0,0,0,1,1,0.0,0.0,0.0,1.0,1.0,0,0,0,0,1,0,0,0,0,1,1,567.0,54.0,54.0,54.0,0.0,54.0,83318220.0,9.5,10.392304,0.0,0.0,0.0,141.55,DDoS-PSHACK_Flood,DDoS
0.0,54.0,6.0,64.0,23.292812,23.292812,0.0,0,0,0,0,0,0.0,0.0,0.0,0.0,0.0,0,0,0,0,1,0,0,0,0,1,1,567.0,54.0,54.0,54.0,0.0,54.0,83072060.0,9.5,10.392304,0.0,0.0,0.0,141.55,DDoS-TCP_Flood,DDoS
0.0,54.0,6.0,64.0,3.0488176,3.0488176,0.0,1,0,1,0,0,1.0,0.0,1.0,0.0,0.0,0,0,0,0,1,0,0,0,0,1,1,567.0,54.0,54.0,54.0,0.0,54.0,83344060.0,9.5,10.392304,0.0,0.0,0.0,141.55,DDoS-RSTFINFlood,DDoS
1.7265296,264554.0,6.0,180.9,121.338264,121.338264,0.0,0,0,0,0,1,0.0,2.0,0.0,12.0,208.5,0,1,0,0,1,0,0,0,0,1,1,3983.0,66.0,2382.8,669.046,884.4948,645.2,0.00320611,5.5,34.493195,1250.8646,990450.5,0.8,38.5,BenignTraffic,Benign
15.037794,77338.6,8.2,69.4,35.757236,35.757236,0.0,0,0,0,0,1,0.4,1.2,0.0,75.3,213.6,0,1,0,0,1,0,0,0,0,1,1,1219.6,54.0,156.0,78.688034,30.31981,80.2,166524270.0,13.5,12.5448065,42.977745,928.22644,1.0,244.6,BenignTraffic,Benign
0.0,0.0,1.0,64.0,8.097268,8.097268,0.0,0,0,0,0,0,0.0,0.0,0.0,0.0,0.0,0,0,0,0,0,0,0,0,1,1,1,9561.0,362.0,1456.4,876.56226,544.13885,938.0,83283960.0,9.5,41.680603,769.4721,311678.8,0.95,141.55,DDoS-ICMP_Fragmentation,DDoS
22.379528,34976.4,12.6,72.9,12.727085,12.727085,0.0,0,0,0,0,0,0.0,0.3,0.0,126.2,257.4,0,0,0,0,0,1,0,0,0,1,1,1058.0,100.2,262.0,196.89595,55.201607,187.2,0.007782602,5.5,19.807644,78.06686,3443.2837,0.9,38.5,BenignTraffic,Benign
5.259359,109.16,6.0,64.0,0.38379696,0.38379696,0.0,0,1,0,0,0,0.0,2.02,0.0,0.0,0.02,0,0,0,0,1,0,0,0,0,1,1,567.12,54.0,54.08,54.006104,0.020931875,54.08,82973030.0,9.5,10.39271,0.025263159,0.01595568,0.02,141.55,DoS-SYN_Flood,DoS
0.0,0.0,47.0,64.0,1.9841744,1.9841744,0.0,0,0,0,0,0,0.0,0.0,0.0,0.0,0.0,0,0,0,0,0,0,0,0,0,1,1,6216.0,592.0,592.0,592.0,0.0,592.0,83677500.0,9.5,34.4093,0.0,0.0,0.0,141.55,Mirai-greeth_flood,Mirai
8.06926,812548.0,6.0,180.9,145.26994,145.26994,0.0,0,0,0,0,1,0.0,1.8,0.0,59.3,766.7,0,1,0,0,1,0,0,0,0,1,1,4483.9,492.7,2962.0,1174.1908,920.48175,492.7,0.003503895,5.5,46.271156,1301.7578,953504.8,0.9,38.5,BenignTraffic,Benign
12.749269,1078543.0,6.0,198.4,78.2397,78.2397,0.0,0,0,0,0,1,0.0,0.0,0.0,33.0,997.5,0,1,0,0,1,0,0,0,0,1,1,12607.0,66.0,4410.0,821.193,1322.1407,645.2,166525150.0,13.5,40.20249,1861.6182,1735278.8,1.0,244.6,BenignTraffic,Benign
2.2024488,5570.4,13.1,57.2,40.140736,40.140736,0.0,0,0,0,0,0,0.0,0.0,0.0,4.3,8.7,0,0,0,0,0,1,0,0,0,1,1,982.6,50.0,102.0,63.13585,12.8494835,66.4,166522740.0,13.5,11.238669,18.244955,230.63213,1.0,244.6,BenignTraffic,Benign
17.54817,26683.8,6.0,64.0,23.214663,23.214663,0.0,0,0,0,0,1,0.0,1.6,0.0,8.5,29.4,0,1,0,0,1,0,0,0,0,1,1,7350.8,46.0,2093.2,450.36356,645.8595,1229.6,166526020.0,13.5,29.548155,913.1266,439588.3,1.0,244.6,BenignTraffic,Benign
0.48275155,1687572.4,6.0,87.6,3353.4915,3353.4915,0.0,0,0,0,0,1,0.0,0.0,0.0,386.2,1619.0,1,0,0,0,1,0,0,0,0,1,1,2875.8,66.0,1182.8,380.04462,441.5599,764.0,9.54e-05,5.5,24.97737,624.46,339057.88,0.6,38.5,BenignTraffic,Benign
0.0,53.46,5.94,63.36,2.399051,2.399051,0.0,1,0,1,0,0,0.99,0.0,0.99,0.0,0.0,0,0,0,0,1,0,0,0,0,1,1,567.42,54.0,54.42,54.025055,0.099278525,54.06,83343760.0,9.5,10.394727,0.14085516,0.14209126,0.07,141.55,DDoS-RSTFINFlood,DDoS
0.0,54.0,6.0,64.0,15.978524,15.978524,0.0,0,0,0,0,0,0.0,0.0,0.0,0.0,0.0,0,0,0,0,1,0,0,0,0,1,1,567.0,54.0,54.0,54.0,0.0,54.0,82947230.0,9.5,10.392304,0.0,0.0,0.0,141.55,DoS-TCP_Flood,DoS
53.614613,56848.2,8.2,61.0,6.5441732,6.5441732,0.0,0,0,0,0,1,0.9,0.0,0.0,187.6,386.7,0,0,0,0,1,0,0,0,0,1,1,1627.6,46.0,230.0,105.03774,61.576584,92.8,166519870.0,13.5,14.506683,87.20302,3811.6882,1.0,244.6,BenignTraffic,Benign
0.0,54.0,6.0,64.0,0.400205,0.400205,0.0,0,1,0,0,0,0.0,1.0,0.0,0.0,0.0,0,0,0,0,1,0,0,0,0,1,1,567.0,54.0,54.0,54.0,0.0,54.0,82972400.0,9.5,10.392304,0.0,0.0,0.0,141.55,DoS-SYN_Flood,DoS
0.0,54.0,6.0,64.0,2.0056138,2.0056138,0.0,0,1,0,0,0,0.0,1.0,0.0,0.0,0.0,0,0,0,0,1,0,0,0,0,1,1,567.0,54.0,54.0,54.0,0.0,54.0,82972880.0,9.5,10.392304,0.0,0.0,0.0,141.55,DoS-SYN_Flood,DoS
38.93603,2386227.5,6.0,63.2,53.325024,53.325024,0.0,0,0,0,0,1,0.0,0.2,0.0,113.6,2240.5,0,1,0,0,1,0,0,0,0,1,1,7605.7,269.1,3015.6,1336.1388,939.07336,1572.3,0.008962703,5.5,51.139824,1328.0503,1012920.75,0.9,38.5,BenignTraffic,Benign
60.154408,49787.96,12.82,72.34,24.3042,24.3042,0.0,0,0,0,0,0,0.09,0.12,0.0,4.97,27.58,0,0,0,0,0,1,0,0,0,1,1,1776.92,50.88,435.0,185.56252,154.64043,133.13,83248990.0,9.5,16.457123,218.25023,86408.68,0.94,141.55,DDoS-ICMP_Fragmentation,DDoS
64.2873,143394.6,8.2,140.1,29.310722,29.310722,0.0,0,0,0,0,1,0.0,0.4,0.0,136.2,375.4,0,1,0,0,1,0,0,0,0,1,1,2304.2,57.6,485.6,143.96313,123.33725,381.0,166523300.0,13.5,16.505474,159.4766,23246.062,1.0,244.6,BenignTraffic,Benign
0.0,3.53,46.29,67.6,17.610435,17.610435,0.0,0,0,0,0,0,0.0,0.0,0.0,0.01,0.01,0,0,0,0,0,0,0,0,0,1,1,6129.03,512.27,592.0,583.3534,23.857786,583.69,83677050.0,9.5,34.15023,33.78097,3481.0461,0.17,141.55,Mirai-greeth_flood,Mirai
1.7905965,104371.0,6.0,231.0,56.126072,56.126072,0.0,0,0,0,0,1,0.0,0.0,0.0,8.0,100.5,0,1,0,0,1,0,0,0,0,1,1,363.0,66.0,66.0,66.0,0.0,66.0,0.000148797,5.5,11.489125,0.0,0.0,0.0,38.5,BenignTraffic,Benign
24.583862,1137.3,8.7,129.0,5.4241934,5.4241934,0.0,0,0,0,0,1,0.0,0.0,0.0,4.5,7.8,0,0,0,0,1,0,0,0,0,1,1,549.8,57.9,161.5,93.16583,38.310932,111.4,0.056536388,5.5,13.593258,54.17984,2037.202,0.9,38.5,BenignTraffic,Benign
57.132122,3051227.0,6.6,63.5,50.376747,50.376747,0.0,0,0,0,0,1,0.0,1.4,0.0,172.9,2922.6,0,1,0,0,1,0,0,0,0,1,1,18373.3,66.0,2962.0,1180.7117,849.41205,1520.1,166524480.0,13.5,48.394424,1192.9105,712619.56,1.0,244.6,BenignTraffic,Benign
70.11126,4786093.0,6.0,64.0,65.30335,65.30335,0.0,0,0,0,0,1,0.0,0.0,0.0,169.0,4578.5,0,1,0,0,1,0,0,0,0,1,1,28296.0,1514.0,2962.0,1836.9497,571.7025,1514.0,166520620.0,13.5,60.625423,809.98004,329292.44,1.0,244.6,BenignTraffic,Benign
53.897797,4385535.5,6.0,64.0,75.76376,75.76376,0.0,0,0,0,0,1,0.0,2.0,0.0,146.0,4082.5,0,1,0,0,1,0,0,0,0,1,1,10788.6,1514.0,2817.2,2000.2292,598.4893,1803.6,0.000582695,5.5,63.114513,846.39166,400232.62,0.9,38.5,BenignTraffic,Benign
1.9903444,79836.1,7.1,151.7,39.986156,39.986156,0.0,0,0,0,0,1,0.0,1.0,0.0,11.9,93.8,0,1,0,0,1,0,0,0,0,1,1,2341.9,60.0,614.0,150.78693,143.03699,138.6,166518080.0,13.5,17.388197,202.56508,20585.49,1.0,244.6,BenignTraffic,Benign
8.939016,304878.0,3.7,44.0,32.773228,32.773228,0.0,0,0,0,0,1,0.0,0.0,0.0,56.0,378.6,0,1,0,0,1,0,0,0,0,1,1,1716.8,60.0,960.0,213.75793,297.6578,655.6,0.015307212,5.5,18.12233,420.9517,274556.72,0.7,38.5,BenignTraffic,Benign
0.0,0.0,47.0,64.0,1.8030031,1.8030031,0.0,0,0,0,0,0,0.0,0.0,0.0,0.0,0.0,0,0,0,0,0,0,0,0,0,1,1,6216.0,592.0,592.0,592.0,0.0,592.0,83693944.0,9.5,34.4093,0.0,0.0,0.0,141.55,Mirai-greeth_flood,Mirai
0.0,54.0,6.0,64.0,2097152.0,2097152.0,0.0,1,0,1,0,0,1.0,0.0,1.0,0.0,0.0,0,0,0,0,1,0,0,0,0,1,1,567.0,54.0,54.0,54.0,0.0,54.0,83345140.0,9.5,10.392304,0.0,0.0,0.0,141.55,DDoS-RSTFINFlood,DDoS
33.018658,1960356.6,6.0,107.6,59.867268,59.867268,0.0,0,0,0,0,1,0.0,1.8,0.0,144.5,1990.9,0,1,0,0,1,0,0,0,0,1,1,2677.2,211.2,1494.0,609.9429,577.43835,363.0,0.004493999,5.5,34.04664,816.6211,372313.66,0.9,38.5,BenignTraffic,Benign
0.01273813,55.09,6.0,64.0,1.3812445,1.3812445,0.0,1,0,1,0,0,0.99,0.0,0.99,0.01,0.02,0,0,0,0,1,0,0,0,0,1,1,567.84,54.0,54.84,54.050114,0.19855705,54.12,83340870.0,9.5,10.397141,0.28171033,0.56836504,0.07,141.55,DDoS-RSTFINFlood,DDoS
52.650047,580137.4,7.1,202.7,55.731007,55.731007,0.0,0,0,0,0,1,0.0,1.0,0.0,175.6,827.7,0,1,0,0,1,0,0,0,0,1,1,456.4,63.6,152.8,84.58738,33.623516,88.6,0.012891006,5.5,12.975883,47.550835,1298.7454,0.9,38.5,BenignTraffic,Benign
0.000372808,2.46,46.59,65.68,53.551064,53.551064,0.0,0,0,0,0,0,0.0,0.0,0.0,0.02,0.02,0,0,0,0,0,0,0,0,0,1,1,6055.35,564.35,578.0,577.2803,3.0498798,573.45,83573730.0,9.5,33.978245,4.347619,315.07574,0.03,141.55,Mirai-greip_flood,Mirai
147.61623,5460.6,8.8,105.6,8.073476,8.073476,0.0,0,0,0,0,1,0.3,1.2,0.0,2.4,5.8,0,0,0,0,1,0,0,0,0,1,1,839.4,70.9,225.2,144.12428,64.13554,145.2,0.010429001,5.5,16.912004,90.70134,4847.947,0.9,38.5,BenignTraffic,Benign
184.38672,171290.3,9.3,138.8,6.281941,6.281941,0.0,0,0,0,0,1,0.0,0.0,0.0,565.7,1165.8,0,1,0,0,1,0,0,0,0,1,1,664.7,67.1,220.4,109.7306,53.78677,139.3,0.0351784,5.5,14.725521,76.06598,4024.0845,0.9,38.5,BenignTraffic,Benign
0.05187973,27496.0,17.0,64.0,11677.729,11677.729,0.0,0,0,0,0,0,0.0,0.0,0.0,0.0,0.0,0,0,0,0,0,1,0,0,0,1,1,525.0,50.0,50.0,50.0,0.0,50.0,83098710.0,9.5,10.0,0.0,0.0,0.0,141.55,DDoS-UDP_Flood,DDoS
1.8669096,3465364.2,17.0,64.0,3343.886,3343.886,0.0,0,0,0,0,0,0.0,0.0,0.0,0.0,0.0,0,0,0,0,0,1,0,0,0,1,1,5817.0,554.0,554.0,554.0,0.0,554.0,83767420.0,9.5,33.286633,0.0,0.0,0.0,141.55,Mirai-udpplain,Mirai
5.7580805,5907368.5,6.0,51.0,499.03775,499.03775,0.0,0,0,0,0,1,0.0,0.0,0.0,12.0,2873.5,1,0,0,0,1,0,0,0,0,1,1,39684.6,66.0,4410.0,2541.1147,1536.2089,3106.8,166862780.0,13.5,71.15258,2170.5798,2360351.5,1.0,244.6,DNS_Spoofing,Spoofing
8.118612,113.5,6.33,64.33,20971.756,20971.756,0.0,0,1,0,0,0,0.0,1.94,0.0,0.0,0.0,0,0,0,0,1,0,0,0,0,1,1,597.75,54.0,68.54,55.82159,4.5144434,58.59,82977210.0,9.5,10.551842,6.403141,276.32236,0.08,141.55,DoS-SYN_Flood,DoS
0.010459509,60.34,6.0,65.91,7.2566476,7.2566476,0.0,0,1,0,0,0,0.0,1.04,0.0,0.01,0.05,0,0,0,0,1,0,0,0,0,1,1,605.88,54.0,92.88,58.531116,11.787093,56.16,83361900.0,9.5,10.776674,16.685816,818.31726,0.18,141.55,DDoS-SynonymousIP_Flood,DDoS
5.5499115,759333.0,6.0,197.3,106.101555,106.101555,0.0,0,0,0,0,1,0.0,0.0,0.0,27.4,699.3,0,1,0,0,1,0,0,0,0,1,1,1193.2,66.0,230.0,77.28601,40.80867,69.1,166520240.0,13.5,12.436016,57.83444,1684.2438,1.0,244.6,BenignTraffic,Benign
1.8313869,16543.5,7.1,83.1,19.595533,19.595533,0.0,0,0,0,0,1,0.0,1.6,0.0,12.7,29.7,0,1,0,0,1,0,0,0,0,1,1,427.0,66.0,115.2,72.93445,16.509048,100.4,0.002573299,5.5,12.043517,23.34732,940.7748,0.3,38.5,BenignTraffic,Benign
40.226864,927136.8,5.4,174.8,70.93228,70.93228,0.0,0,0,0,0,1,0.0,1.4,0.0,309.0,1382.1,0,1,0,0,1,0,0,0,0,1,1,414.0,63.0,120.0,73.223335,18.792168,74.4,0.010309005,5.5,12.08994,26.57614,594.09644,0.6,38.5,BenignTraffic,Benign
0.0,54.0,6.0,64.0,32.463276,32.463276,0.0,0,0,0,0,0,0.0,0.0,0.0,0.0,0.0,0,0,0,0,1,0,0,0,0,1,1,567.0,54.0,54.0,54.0,0.0,54.0,82947070.0,9.5,10.392304,0.0,0.0,0.0,141.55,DoS-TCP_Flood,DoS
106.10092,248448.0,7.1,155.5,12.720993,12.720993,0.0,0,0,0,0,1,0.0,0.8,0.3,280.4,719.2,0,1,0,0,1,0,0,0,0,1,1,2548.1,46.0,1502.0,166.143,357.66977,107.8,166523970.0,13.5,18.229746,506.95663,129506.02,1.0,244.6,BenignTraffic,Benign
0.0,54.0,6.0,64.0,0.7549671,0.7549671,0.0,0,0,0,1,1,0.0,0.0,0.0,1.0,1.0,0,0,0,0,1,0,0,0,0,1,1,567.0,54.0,54.0,54.0,0.0,54.0,83314024.0,9.5,10.392304,0.0,0.0,0.0,141.55,DDoS-PSHACK_Flood,DDoS
10.669712,858349.0,6.0,231.0,75.30657,75.30657,0.0,0,0,0,0,1,0.0,2.0,0.0,34.0,802.5,0,1,0,0,1,0,0,0,0,1,1,4899.0,66.0,2962.0,325.2158,723.7508,66.0,166518580.0,13.5,25.47383,1025.6628,529391.44,1.0,244.6,BenignTraffic,Benign
0.0,54.0,6.0,64.0,6.0308886,6.0308886,0.0,0,1,0,0,0,0.0,1.0,0.0,0.0,0.0,0,0,0,0,1,0,0,0,0,1,1,567.0,54.0,54.0,54.0,0.0,54.0,82973120.0,9.5,10.392304,0.0,0.0,0.0,141.55,DoS-SYN_Flood,DoS
0.40523246,679.98,5.87,70.06,1.8702654,1.8702654,0.0,0,0,0,0,0,0.0,0.42,0.0,0.0,0.68,0,0,0,0,0,0,0,0,0,1,1,8856.44,255.8,1514.0,885.2421,563.6093,828.08,83335550.0,9.5,41.872707,797.45667,335501.4,0.95,141.55,DDoS-ACK_Fragmentation,DDoS
0.08049502,28775.0,17.0,64.0,7145.5107,7145.5107,0.0,0,0,0,0,0,0.0,0.0,0.0,0.0,0.0,0,0,0,0,0,1,0,0,0,1,1,525.0,50.0,50.0,50.0,0.0,50.0,83102270.0,9.5,10.0,0.0,0.0,0.0,141.55,DDoS-UDP_Flood,DDoS
2.0453818,44128.3,6.0,97.6,35.51331,35.51331,0.0,0,0,0,0,1,0.0,1.8,0.0,10.1,46.4,0,1,0,0,1,0,0,0,0,1,1,18700.2,66.0,2962.0,1206.6053,956.6085,1224.4,166520290.0,13.5,49.23641,1351.6632,915941.3,1.0,244.6,BenignTraffic,Benign
13.7525215,1397675.0,6.0,232.0,93.037445,93.037445,0.0,0,0,0,0,1,0.0,2.0,0.0,58.0,1278.5,0,1,0,0,1,0,0,0,0,1,1,363.0,66.0,66.0,66.0,0.0,66.0,0.000885487,5.5,11.489125,0.0,0.0,0.0,38.5,BenignTraffic,Benign
81.6526,29768.5,9.8,149.1,2.954304,2.954304,0.0,0,0,0,0,0,0.0,0.0,0.0,73.0,149.5,0,0,0,0,0,0,0,0,0,1,1,392.9,55.5,106.9,71.00326,17.429636,90.5,0.007266116,5.5,11.89079,24.649227,525.9625,0.9,38.5,BenignTraffic,Benign
0.0,54.0,6.0,64.0,32.52057,32.52057,0.0,0,0,0,0,0,0.0,0.0,0.0,0.0,0.0,1,0,0,0,1,0,0,0,0,1,1,567.0,54.0,54.0,54.0,0.0,54.0,83037260.0,9.5,10.392304,0.0,0.0,0.0,141.55,DDoS-TCP_Flood,DDoS
0.0,54.0,6.0,64.0,11.263097,11.263097,0.0,0,0,0,1,1,0.0,0.0,0.0,1.0,1.0,0,0,0,0,1,0,0,0,0,1,1,567.0,54.0,54.0,54.0,0.0,54.0,83331330.0,9.5,10.392304,0.0,0.0,0.0,141.55,DDoS-PSHACK_Flood,DDoS
22.144768,1847034.0,6.0,232.0,84.37659,84.37659,0.0,0,0,0,0,1,0.0,2.0,0.0,89.0,1867.5,0,1,0,0,1,0,0,0,0,1,1,363.0,66.0,66.0,66.0,0.0,66.0,0.000353813,5.5,11.489125,0.0,0.0,0.0,38.5,BenignTraffic,Benign
0.0,54.0,6.0,64.0,16.061834,16.061834,0.0,1,0,1,0,0,1.0,0.0,1.0,0.0,0.0,0,0,0,0,1,0,0,0,0,1,1,567.0,54.0,54.0,54.0,0.0,54.0,83344010.0,9.5,10.392304,0.0,0.0,0.0,141.55,DDoS-RSTFINFlood,DDoS
0.003050263,4775.0,17.0,64.0,34541.273,34541.273,0.0,0,0,0,0,0,0.0,0.0,0.0,0.0,0.0,0,0,0,0,0,1,0,0,0,1,1,525.0,50.0,50.0,50.0,0.0,50.0,83016570.0,9.5,10.0,0.0,0.0,0.0,141.55,DoS-UDP_Flood,DoS
75.77177,686.3,8.2,86.3,15.34944,15.34944,0.0,0,0,0,0,1,0.2,0.8,0.0,3.1,5.7,0,0,0,0,1,0,0,0,0,1,1,2142.3,54.0,344.0,140.05682,87.50486,120.4,166516740.0,13.5,16.664766,122.59362,7527.243,1.0,244.6,BenignTraffic,Benign
29.433393,1864268.5,6.0,62.9,57.695446,57.695446,0.0,0,0,0,0,1,0.0,0.0,0.0,70.8,1750.5,0,1,0,0,1,0,0,0,0,1,1,11078.2,934.8,2817.2,2038.8425,737.2414,1948.4,0.001122212,5.5,63.72196,1042.6168,617391.25,0.9,38.5,BenignTraffic,Benign
8.800266,11493.6,7.1,118.5,57.832836,57.832836,0.0,0,0,0,0,1,0.1,1.8,0.0,5.9,14.2,0,1,0,0,1,0,0,0,0,1,1,693.7,66.0,352.0,104.2102,90.25129,200.0,0.006610513,5.5,14.066364,127.6346,24865.686,0.6,38.5,BenignTraffic,Benign
10.7157755,267633.8,8.2,60.1,21.46424,21.46424,0.0,0,0,0,0,1,0.0,0.0,0.0,44.3,321.8,0,0,0,0,1,0,0,0,0,1,1,4721.8,50.0,2282.4,271.08734,522.0444,989.0,166518960.0,13.5,21.783045,742.7,629232.3,1.0,244.6,BenignTraffic,Benign
10.672013,220544.1,6.0,215.2,126.14432,126.14432,0.0,0,0,0,0,1,0.0,1.8,0.0,72.5,281.5,0,1,0,0,1,0,0,0,0,1,1,12681.2,66.0,2962.0,845.1314,879.45575,76.6,166524050.0,13.5,41.04361,1245.2668,775703.56,1.0,244.6,BenignTraffic,Benign
0.079000965,22927.0,17.0,64.0,7964.0347,7964.0347,0.0,0,0,0,0,0,0.0,0.0,0.0,0.0,0.0,0,0,0,0,0,1,0,0,0,1,1,525.0,50.0,50.0,50.0,0.0,50.0,83101810.0,9.5,10.0,0.0,0.0,0.0,141.55,DDoS-UDP_Flood,DDoS
0.283742,509347.0,6.0,87.6,1182.262,1182.262,0.0,0,0,0,0,1,0.0,0.0,0.0,4.8,335.5,1,0,0,0,1,0,0,0,0,1,1,11251.8,903.6,2858.0,2229.1353,904.7153,1741.2,0.00015099,5.5,66.46535,1279.4607,1172038.2,0.7,38.5,BenignTraffic,Benign
0.0,54.0,6.0,64.0,37.992573,37.992573,0.0,1,0,1,0,0,1.0,0.0,1.0,0.0,0.0,0,0,0,0,1,0,0,0,0,1,1,567.0,54.0,54.0,54.0,0.0,54.0,83344750.0,9.5,10.392304,0.0,0.0,0.0,141.55,DDoS-RSTFINFlood,DDoS
0.0,81.0,6.0,64.0,6.282946,6.282946,0.0,0,0,0,0,0,0.0,0.0,0.0,0.0,0.0,0,0,0,0,1,0,0,0,0,1,1,567.0,54.0,54.0,54.0,0.0,54.0,82925810.0,9.5,10.392304,0.0,0.0,0.0,141.55,DoS-TCP_Flood,DoS
37.042534,314912.6,6.5,161.7,79.22056,79.22056,0.0,0,0,0,0,1,0.0,1.2,0.0,212.9,645.6,0,1,0,0,1,0,0,0,0,1,1,469.8,63.0,130.8,78.03429,22.55521,114.6,0.012063098,5.5,12.42928,31.897882,1322.2307,0.6,38.5,BenignTraffic,Benign
0.0,53.66,5.94,63.31,2.8628802,2.8628802,0.0,0,0,0,0,0,0.0,0.01,0.0,0.0,0.01,0,0,0,0,1,0,0,0,0,1,1,569.14,54.0,55.66,54.13358,0.4102949,54.26,83072030.0,9.5,10.405129,0.58174807,1.9824728,0.09,141.55,DDoS-TCP_Flood,DDoS
0.0,54.0,6.0,64.0,40.594296,40.594296,0.0,0,0,0,0,0,0.0,0.0,0.0,0.0,0.0,0,0,0,0,1,0,0,0,0,1,1,567.0,54.0,54.0,54.0,0.0,54.0,83033544.0,9.5,10.392304,0.0,0.0,0.0,141.55,DDoS-TCP_Flood,DDoS
14.25443,1236735.6,6.0,164.2,76.0114,76.0114,0.0,0,0,0,0,1,0.0,2.0,0.0,44.7,1082.5,0,1,0,0,1,0,0,0,0,1,1,26519.6,177.6,5858.0,1754.3665,1326.827,648.0,166521760.0,13.5,59.227245,1876.427,1761948.4,1.0,244.6,BenignTraffic,Benign
0.19996363,59.01,5.94,63.13,0.9041753,0.9041753,0.0,0,0,0,1,1,0.0,0.0,0.09,0.99,0.99,0,0,0,0,1,0,0,0,0,1,1,579.78,54.0,66.78,55.468212,3.8491476,54.75,83318140.0,9.5,10.52728,5.449193,83.6232,0.24,141.55,DDoS-PSHACK_Flood,DDoS
0.5564657,155.77,6.0,64.0,7.3050804,7.3050804,0.0,0,1,0,0,0,0.0,2.73,0.0,0.07,0.09,0,0,0,0,1,0,0,0,0,1,1,575.17,54.0,62.17,55.117027,2.5615046,54.43,83361230.0,9.5,10.495538,3.6257691,37.05281,0.19,141.55,DDoS-SynonymousIP_Flood,DDoS
43.82643,3078875.5,6.0,64.0,65.725174,65.725174,0.0,0,0,0,0,1,0.0,0.0,0.0,112.0,2880.5,0,1,0,0,1,0,0,0,0,1,1,21095.4,66.0,1948.4,1349.2483,513.4794,1658.8,166522020.0,13.5,51.92503,728.14026,266768.56,1.0,244.6,BenignTraffic,Benign
2.118752,625399.6,6.0,79.1,219.74333,219.74333,0.0,0,0,0,0,1,0.0,2.0,0.0,15.2,521.1,0,1,0,0,1,0,0,0,0,1,1,20257.4,66.0,2962.0,1304.9255,1100.4452,1367.2,166523950.0,13.5,51.05607,1559.9523,1218755.1,1.0,244.6,BenignTraffic,Benign
1.5741465,969067.9,17.0,64.0,1109.7773,1109.7773,0.0,0,0,0,0,0,0.0,0.0,0.0,0.0,0.0,0,0,0,0,0,1,0,0,0,1,1,5817.0,554.0,554.0,554.0,0.0,554.0,83789020.0,9.5,33.286633,0.0,0.0,0.0,141.55,Mirai-udpplain,Mirai
23.711582,943347.8,6.0,78.4,36.15931,36.15931,0.0,0,0,0,0,1,0.0,0.0,0.0,49.9,934.5,0,1,0,0,1,0,0,0,0,1,1,14576.4,43.0,6147.6,931.6764,1532.555,1389.8,166525700.0,13.5,42.90684,2172.4993,2542349.8,1.0,244.6,BenignTraffic,Benign
0.84950566,484473.0,17.0,64.0,1029.3376,1029.3376,0.0,0,0,0,0,0,0.0,0.0,0.0,0.0,0.0,0,0,0,0,0,1,0,0,0,1,1,5817.0,554.0,554.0,554.0,0.0,554.0,83767570.0,9.5,33.286633,0.0,0.0,0.0,141.55,Mirai-udpplain,Mirai
28.115028,203626.7,7.1,64.0,43.626114,43.626114,0.0,0,0,0,0,1,0.0,1.6,0.0,99.7,376.2,0,1,0,0,1,0,0,0,0,1,1,7422.8,417.0,2093.2,1348.2085,533.5751,1251.3,0.001395106,5.5,51.833324,754.5891,365412.03,0.8,38.5,BenignTraffic,Benign
128.46678,9128.9,11.5,138.1,13.973537,13.973537,0.0,0,0,0,0,0,0.0,0.8,0.0,26.5,40.7,0,0,0,0,0,0,0,0,0,1,1,3371.4,54.0,843.9,205.24358,200.5258,631.5,166516370.0,13.5,19.726236,278.55222,83551.195,1.0,244.6,BenignTraffic,Benign
43.750946,78037.4,7.1,117.1,13.4401655,13.4401655,0.0,0,0,0,0,1,0.0,0.0,0.0,305.2,619.4,0,1,0,0,1,0,0,0,0,1,1,620.4,58.8,213.6,112.69175,60.195053,108.2,0.03940921,5.5,14.949249,85.12866,4080.2427,0.9,38.5,BenignTraffic,Benign
10.939046,659867.9,6.0,130.0,92.5117,92.5117,0.0,0,0,0,0,1,0.0,1.5,0.0,71.1,673.5,0,1,0,0,1,0,0,0,0,1,1,2263.2,66.0,676.2,136.70119,162.68124,400.1,166523260.0,13.5,16.18589,231.58673,61009.434,1.0,244.6,BenignTraffic,Benign
71.23751,5005378.5,6.0,97.6,65.1272,65.1272,0.0,0,0,0,0,1,0.0,0.0,0.0,172.9,4639.5,0,1,0,0,1,0,0,0,0,1,1,7313.4,645.2,1948.4,1370.8663,424.11703,1369.2,0.002600503,5.5,52.294037,599.79205,308914.34,0.6,38.5,BenignTraffic,Benign
40.76541,2911576.8,6.0,64.0,72.328476,72.328476,0.0,0,0,0,0,1,0.0,2.0,0.0,154.2,2947.5,0,1,0,0,1,0,0,0,0,1,1,12378.8,50.0,2672.4,761.6414,867.8682,1707.3,166526340.0,13.5,38.5189,1229.5686,778311.25,1.0,244.6,BenignTraffic,Benign
0.0,54.0,6.0,64.0,92.07626,92.07626,0.0,0,1,0,0,0,0.0,1.0,0.0,0.0,0.0,0,0,0,0,1,0,0,0,0,1,1,567.0,54.0,54.0,54.0,0.0,54.0,82977544.0,9.5,10.392304,0.0,0.0,0.0,141.55,DoS-SYN_Flood,DoS
0.478772,510343.8,16.84,81.19,668.02985,668.02985,0.0,0,0,0,0,0,0.0,0.0,0.0,0.0,0.0,0,0,0,0,0,1,0,0,0,1,1,8503.14,278.92,1364.26,751.3327,503.38403,863.97,83370610.0,9.5,38.030895,711.4054,281711.9,0.95,141.55,DDoS-UDP_Fragmentation,DDoS
0.0,54.0,6.0,64.0,3.1558907,3.1558907,0.0,0,0,0,1,1,0.0,0.0,0.0,1.0,1.0,0,1,0,0,1,0,0,0,0,1,1,567.0,54.0,54.0,54.0,0.0,54.0,83332104.0,9.5,10.392304,0.0,0.0,0.0,141.55,DDoS-PSHACK_Flood,DDoS
0.001428692,2499.0,17.0,64.0,158916.92,158916.92,0.0,0,0,0,0,0,0.0,0.0,0.0,0.0,0.0,0,0,0,0,0,1,0,0,0,1,1,525.0,50.0,50.0,50.0,0.0,50.0,83102830.0,9.5,10.0,0.0,0.0,0.0,141.55,DDoS-UDP_Flood,DDoS
8.764921,19804.3,9.3,150.4,39.53644,39.53644,0.0,0,0,0,0,1,0.0,1.0,0.0,29.2,62.5,0,0,0,0,1,0,0,0,0,1,1,1650.8,50.0,316.1,102.800606,81.241714,203.6,166522780.0,13.5,14.1583,112.20445,7252.533,1.0,244.6,BenignTraffic,Benign
0.21963814,720784.8,6.0,93.5,3643.436,3643.436,0.0,0,0,0,0,1,0.0,0.0,0.0,111.1,800.2,1,0,0,0,1,0,0,0,0,1,1,13945.0,94.0,2718.4,892.5961,880.11835,1057.2,166517700.0,13.5,42.147587,1246.786,783094.7,1.0,244.6,BenignTraffic,Benign
0.0,54.0,6.0,64.0,393.70197,393.70197,0.0,1,0,1,0,0,1.0,0.0,1.0,0.0,0.0,0,0,0,0,1,0,0,0,0,1,1,567.0,54.0,54.0,54.0,0.0,54.0,83344940.0,9.5,10.392304,0.0,0.0,0.0,141.55,DDoS-RSTFINFlood,DDoS
0.0,53.46,5.94,63.36,49.727657,49.727657,0.0,0,0,0,0,0,0.0,0.0,0.0,0.0,0.0,0,0,0,0,1,0,0,0,0,1,1,567.6,54.0,54.6,54.040127,0.14909859,54.06,83033820.0,9.5,10.3961735,0.21131139,0.22490546,0.1,141.55,DDoS-TCP_Flood,DDoS
0.0,54.0,6.0,64.0,9.973502,9.973502,0.0,0,0,0,0,0,0.0,0.0,0.0,0.0,0.0,1,0,0,0,1,0,0,0,0,1,1,567.0,54.0,54.0,54.0,0.0,54.0,83068410.0,9.5,10.392304,0.0,0.0,0.0,141.55,DDoS-TCP_Flood,DDoS
1.568679,1209659.0,17.0,64.0,1391.9141,1391.9141,0.0,0,0,0,0,0,0.0,0.0,0.0,0.0,0.0,0,0,0,0,0,1,0,0,0,1,1,5817.0,554.0,554.0,554.0,0.0,554.0,83784830.0,9.5,33.286633,0.0,0.0,0.0,141.55,Mirai-udpplain,Mirai
0.49549586,760320.7,17.0,64.0,2780.1262,2780.1262,0.0,0,0,0,0,0,0.0,0.0,0.0,0.0,0.0,0,0,0,0,0,1,0,0,0,1,1,5817.0,554.0,554.0,554.0,0.0,554.0,83789060.0,9.5,33.286633,0.0,0.0,0.0,141.55,Mirai-udpplain,Mirai
0.03142073,48675.0,17.0,64.0,30977.324,30977.324,0.0,0,0,0,0,0,0.0,0.0,0.0,0.0,0.0,0,0,0,0,0,1,0,0,0,1,1,525.0,50.0,50.0,50.0,0.0,50.0,83123496.0,9.5,10.0,0.0,0.0,0.0,141.55,DDoS-UDP_Flood,DDoS
4.1873546,582051.6,7.1,116.5,126.63144,126.63144,0.0,0,0,0,0,1,0.0,0.0,0.0,8.6,523.1,0,1,0,0,1,0,0,0,0,1,1,21600.6,66.0,2962.0,1415.3032,813.7657,958.6,166517940.0,13.5,53.12824,1153.6218,667760.9,1.0,244.6,BenignTraffic,Benign
0.0,54.0,6.0,64.0,0.8956801,0.8956801,0.0,0,1,0,0,0,0.0,1.0,0.0,0.0,0.0,0,0,0,0,1,0,0,0,0,1,1,567.0,54.0,54.0,54.0,0.0,54.0,82981070.0,9.5,10.392304,0.0,0.0,0.0,141.55,DoS-SYN_Flood,DoS
24.147888,1331961.4,7.1,219.8,73.27135,73.27135,0.0,0,0,0,0,1,0.0,1.6,0.0,42.8,1108.9,0,1,0,0,1,0,0,0,0,1,1,1353.1,62.4,345.0,87.247055,72.232506,103.1,166525520.0,13.5,13.132816,100.68087,5090.6826,1.0,244.6,BenignTraffic,Benign
0.47888774,1487265.0,6.0,99.4,3155.2004,3155.2004,0.0,0,0,0,0,1,0.0,0.0,0.0,242.9,1511.1,1,0,0,0,1,0,0,0,0,1,1,13635.4,86.0,2858.0,876.34393,869.3255,1193.2,166520200.0,13.5,41.953114,1229.922,757482.94,1.0,244.6,BenignTraffic,Benign
